Name,Zone,Level,Classification,Type,Movement,Notes/Abilities,Commands,,,,,,,,,,,,,,,,
Murloc Forager,Elwynn Forest,8,Normal,Humanoid,Slow Patrol,50% heal potion,".line Elwynn Forest,78.07,57.75,78.12,57.24,79.07,55.90,79.18,55.34,79.46,54.77,79.76,54.67,80.01,55.02,80.00,55.47,79.43,55.56,79.01,56.12,78.99,57.10,78.70,57.92,78.27,58.02,78.07,57.75;.mob Murloc Forager",,,,,,,,,,,,,,,,
Murloc Forager,Elwynn Forest,8,Normal,Humanoid,Slow Patrol,50% heal potion,".line Elwynn Forest,79.91,56.14,80.03,56.86,79.46,58.63,79.10,58.80,78.40,58.67,78.28,58.47,79.03,56.84,79.42,56.51,79.28,55.59,79.56,55.47,79.91,56.14;.mob Murloc Forager",,,,,,,,,,,,,,,,
Princess,Elwynn Forest,9,Normal,Beast,Idle,"Has two adds, all boar charge",".pin Elwynn Forest,69.8,79.4;.mob Princess",,,,,,,,,,,,,,,,
Hogger,Elwynn Forest,11,Elite,Humanoid,Idle,Charge / Stun,".pin Elwynn Forest,25.4,93.8;.pin Elwynn Forest,28.6,91.6;.pin Elwynn Forest,25.8,89.6;.pin Elwynn Forest,26.6,85.4;.pin Elwynn Forest,24.4,81.4;.mob Hogger",,,,,,,,,,,,,,,,
Murloc Streamrunner,Elwynn Forest,6,Normal,Humanoid,Fast Patrol,"Run around lake, can easily catch you off guard",".line Elwynn Forest,55.45,68.11,55.34,68.95,55.93,69.05,56.72,69.01,57.53,67.95,58.05,66.30,57.63,64.93,56.58,63.47,55.90,63.62;.mob Murloc Streamrunner",,,,,,,,,,,,,,,,
Murloc Streamrunner,Elwynn Forest,6,Normal,Humanoid,Fast Patrol,"Run around lake, can easily catch you off guard",".line Elwynn Forest,51.37,68.90,52.20,68.61,53.41,68.85,54.03,68.82,54.72,68.67,55.41,69.03,56.12,69.05,57.23,68.28,57.71,67.23,57.72,65.50,56.62,63.67,54.93,63.63,54.02,63.24,53.38,63.79,52.56,65.71,52.01,66.23,51.74,66.39,51.10,65.84 ;.mob Murloc Streamrunner",,,,,,,,,,,,,,,,
Murloc Streamrunner,Elwynn Forest,6,Normal,Humanoid,Fast Patrol,"Run around lake, can easily catch you off guard",".line Elwynn Forest,50.66,50.75,48.99,66.17,48.84,68.17,50.03,68.64,52.01,68.71,52.96,67.93,53.37,68.65,54.41,68.78,54.75,68.57,55.68,69.04,56.40,68.90,57.63,67.34,57.76,65.51,56.34,63.73,53.83,63.30,52.07,66.16,50.66,50.75 (fast);.mob Murloc Streamrunner",,,,,,,,,,,,,,,,
Murloc Streamrunner,Elwynn Forest,6,Normal,Humanoid,Slow Patrol,Patrol of 2. Walks around lake,".line Elwynn Forest,50.50,68.56,51.03,68.93,52.00,68.70,52.41,68.59,53.37,68.84,54.83,68.52,55.68,69.08,57.00,68.73,57.69,67.16,57.90,65.78,57.29,64.36,56.57,63.56,54.68,63.37,53.27,63.65,52.97,63.98,52.57,65.58,52.12,66.24,51.29,65.95,50.66,65.35;.mob Murloc Streamrunner",,,,,,,,,,,,,,,,
Murloc Streamrunner,Elwynn Forest,6,Normal,Humanoid,Slow Patrol,Patrol of 2. Walks around lake,".line Elwynn Forest,51.10,65.84,51.77,66.31,52.03,66.23,52.56,65.57,53.31,63.78,54.01,63.16,54.75,63.47,55.96,63.66,56.61,63.57,57.76,65.43,57.77,67.20,57.27,68.38,56.15,69.10,55.30,69.10,54.69,68.72,53.22,68.96,52.58,68.76,51.97,68.74,51.38,68.90;.mob Murloc Streamrunner",,,,,,,,,,,,,,,,
Thuros Lightfingers,Elwynn Forest,9,Rare,Humanoid,Idle,"Backstabs for a lot of damage, don't turn your back",".pin Elwynn Forest,29.8,59.2;.pin Elwynn Forest,50.4,59.2;.pin Elwynn Forest,53.8,59.2;.pin Elwynn Forest,50.0,85.6;.pin Elwynn Forest,52.0,80.6;.pin Elwynn Forest,88.2,81.2;.pin Elwynn Forest,90.6,79.6;.pin Elwynn Forest,87.2,78.6;.pin Elwynn Forest,90.4,76.2;.mob Thuros Lightfingers",,,,,,,,,,,,,,,,
Morgaine the Sly,Elwynn Forest,10,Rare,Humanoid,Idle,"Backstabs for a lot of damage, don't turn your back",".pin Elwynn Forest,31.6,64.8;.mob Morgaine the Sly",,,,,,,,,,,,,,,,
Vagash,Dun Morogh,11,Elite,Humanoid,Idle,Does a melee range knockdown,".pin Dun Morogh,62.4,46.2;.mob Vagash",,,,,,,,,,,,,,,,
Gibblewilt,Dun Morogh,11,Rare,Humanoid,Idle,High damage fireballs,".pin Dun Morogh,24.2,43.6;.pin Dun Morogh,26.4,36.6;.mob Gibblewilt",,,,,,,,,,,,,,,,
Great Father Arctikus,Dun Morogh,11,Rare,Humanoid,Idle,He can heal himself,".pin Dun Morogh,25.6,50.0;.pin Dun Morogh,22.0,51.0;.pin Dun Morogh,21.4,54.6;.pin Dun Morogh,23.4,54.2;.mob Great Father Arctikus",,,,,,,,,,,,,,,,
Lord Melenas,Teldrassil,8,Normal,Demon,Idle,Just hits hard. Typically has an add depending on spawn.,".pin Teldrassil,51.6,50.2;.mob Lord Melenas",,,,,,,,,,,,,,,,
Bloodfeather Matriarch,Teldrassil,11,Normal,Humanoid,Idle,Lots of damage + has a self heal if not bursted down,".pin Teldrassil,32.2,32.8;.pin Teldrassil,34.2,29.8;.pin Teldrassil,36.8,28.0;.mob Bloodfeather Matriarch",,,,,,,,,,,,,,,,
Blackmoss the Fetid,Teldrassil,13,Rare,Elemental,Idle,He hits really hard,".pin Teldrassil,42.8,38.6;.pin Teldrassil,43.6,32.0;.pin Teldrassil,44.6,27.6;.pin Teldrassil,42.2,25.6;.mob Blackmoss the Fetid",,,,,,,,,,,,,,,,
Malformed Defias Drone,Westfall,20,Normal,Humanoid,Slow Patrol,"Do a ton of damage, do not aggro",".line Westfall,69.53,73.68,69.46,74.39,69.68,75.17,70.09,75.70,70.54,75.92,70.90,75.87,71.22,75.54,71.50,75.04,71.82,74.33,71.70,73.16;.mob Malformed Defias Drone",,,,,,,,,,,,,,,,
Defias Pillager,Westfall,14-15,Normal,Humanoid,Idle,High damage fireballs,".pin Westfall, 42.0,69.0;.pin Westfall,44.6,65.6;.pin Westfall,45.6,69.0;.mob Defias Pillager",,,,,,,,,,,,,,,,
Defias Pillager (Alexston),Westfall,14-15,Normal,Humanoid,Slow Patrol,High damage fireballs,".line Westfall,37.42,58.20,37.08,58.01,36.71,57.62,36.60,56.95,36.71,56.33;.mob Defias Pillager",,,,,,,,,,,,,,,,
Defias Pillager (Moonbrook),Westfall,12-13,Normal,Humanoid,Slow Patrol,High damage fireballs,".line Westfall,43.05,67.05,43.13,68.48,43.36,68.94,43.84,68.86,44.18,68.56,44.14,67.04,43.80,66.21,43.21,66.17,43.05,67.05;.mob Defias Pillager",,,,,,,,,,,,,,,,
Defias Trapper (Alexston),Westfall,12-13,Normal,Humanoid,Slow Patrol,Net,".line Westfall,35.61,53.71,35.72,53.85,35.85,53.62,35.52,52.74,34.76,52.66,34.67,52.99,34.87,52.98,34.98,53.10,35.61,53.71;.mob Defias Trapper",,,,,,,,,,,,,,,,
Benny Blanco,Westfall,15,Normal,Humanoid,Idle,"High damage output, has an add",".pin Westfall,49.6,19.6;.mob Benny Blaanco",,,,,,,,,,,,,,,,
Vultros,Westfall,26,Rare,Beast,Idle,Very high level rare,".pin Westfall,36.6,67.8;.pin Westfall.45.6,60.2;.pin Westfall.63.0,74.8;.pin Westfall.64.4,56.0;.pin Westfall.48.0,43.4;.pin Westfall.51.6,23.6;.mob Vultros",,,,,,,,,,,,,,,,
Foe Reaper 4000,Westfall,20,Rare,Mechanical,Idle,Very high level rare,".pin Westfall.50.8,26.0;.pin Westfall.50.8,21.8;.pin Westfall.44.6,32.8;.pin Westfall.44.2,39.4;.pin Westfall.37.8,47.8;.pin Westfall,38.0,51.8;.mob Foe Reaper 4000",,,,,,,,,,,,,,,,
Leprithus,Westfall,19,Rare,Undead,Slow Patrol,"Has two adds, only spawns at night?",".pin Westfall,66.6,62.8;.pin Westfall,64.6,69.0;.pin Westfall,61.8,69.6;.pin Westfall,61.4,74.8;.pin Westfall,58.6,78.4;.mob Leprithus",,,,,,,,,,,,,,,,
Dust Devil,Westfall,18-19,Normal,Elemental,Idle,High level for area,".pin Westfall,40.6,22.6;.pin Westfall,35.6,36.2;.pin Westfall,33.8,50.6;.pin Westfall,34.8,67.4;.pin Westfall,38.8,61.4;.pin Westfall,42.6,60.2;.pin Westfall,46.8,48.6;.pin Westfall,43.6,42.0;.pin Westfall,54.6,41.0;.pin Westfall,61.6,36.0;.pin Westfall,63.8,52.0;.pin Westfall,68.8,74.0;.mob Dust Devil",,,,,,,,,,,,,,,,
Sergeant Brashclaw,Westfall,18,Rare,Humanoid,Slow Patrol,Buffs nearby allies,".pin Westfall,35.0,33.8;.pin Westfall,37.0,27.6;.pin Westfall,40.8,31.8;.pin Westfall,38.0,37.8;.pin Westfall,37.8,33.2;.mob Sergeant Brashclaw",,,,,,,,,,,,,,,,
Tunnel Rat Geomancer,Loch Modan,12-13,Normal,Humanoid,Idle,High damage spells,".pin Loch Modan,36.2,26.6;.pin Loch Modan,35.0,26.6;.pin Loch Modan,35.4,18.4;.mob Tunnel Rat Geomancer",,,,,,,,,,,,,,,,
Stonesplitter Geomancer,Loch Modan,17-18,Normal,Humanoid,Idle,High damage spells,".pin Loch Modan,66.8,58.0;.pin Loch Modan,70.4,61.0;.pin Loch Modan,67.4,63.2;.pin Loch Modan,72.6,66.6;.pin Loch Modan,68.4,68.4;.mob Stonesplitter Geomancer",,,,,,,,,,,,,,,,
Magosh,Loch Modan,21,Rare,Humanoid,Idle,High damage spells / heals himself,".pin Loch Modan,70.0,66.2;.mob Magosh",,,,,,,,,,,,,,,,
The Threshwackonator 4100,Darkshore,20,Elite,Mechanical,Idle,High damage. Is cheesable/fearable oddly,".pin Darkshore,56.8,13.8;.mob The Threshwackonator 4100",,,,,,,,,,,,,,,,
Xabraxxis,Darkshore,19,Normal,Demon,Idle,Very high damage output when he enrages,".pin Darkshore,52.6,33.6;.mob Xabraxxis",,,,,,,,,,,,,,,,
Moonstalker Matriarch,Darkshore,19-20,Normal,Beast,Slow Patrol,Has a high dps add,".pin Darkshore,35.6,89.4;.pin Darkshore,39.2,90.2;.pin Darkshore,42.6,89.2;.pin Darkshore,40.0,94.0;.pin Darkshore,59.8,13.4;.pin Darkshore,61.0,11.4;.pin Darkshore,62.6,6.4;.mob Moonstalker Matriarch",,,,,,,,,,,,,,,,
Raging Reef Crawler,Darkshore,20-21,Normal,Beast,Idle,Thrashing crabs,".pin Darkshore,54.6,18.6;.pin Darkshore,56.6,16.0;.pin Darkshore,56.6,11.6;.mob Raging Reef Crawler",,,,,,,,,,,,,,,,
Greymist Oracle,Darkshore,18-19,Normal,Humanoid,Idle,High damage and heal,".pin Darkshore,55.6,12.6;.pin Darkshore,31.8,83.6;.pin Darkshore,31.6,88.0;.mob Greymist Oracle",,,,,,,,,,,,,,,,
Stormscale Myrmidon,Darkshore,18-19,Normal,Humanoid,Idle,"Do a knockback, don't have back to edge of cave",".pin Darkshore,59.6,14.4;.pin Darkshore,58.0,18.2;.pin Darkshore,56.4,22.6;.pin Darkshore,59.6,25.0;.pin Darkshore,59.8,21.8;.mob Stormscale Myrmidon",,,,,,,,,,,,,,,,
Gravelflint Geomancer,Darkshore,20-21,Normal,Humanoid,Idle,High damage fireballs,".pin Darkshore,36.4,86.2;.mob Gravelflint Geomancer",,,,,,,,,,,,,,,,
Flagglemurk the Cruel,Darkshore,16,Rare,Humanoid,Idle,"Has a stun and sinister strike, can burst you easily",".pin Darkshore,35.8,72.2;.pin Darkshore,36.6,70.2;.pin Darkshore,36.0,63.6;.pin Darkshore,37.6,62.0;.mob Flagglemurk the Cruel",,,,,,,,,,,,,,,,
Blackrock Outrunner,Redridge Mountains,20-21,Normal,Humanoid,Fast Patrol,Do a long net,".line Redridge Mountains,40.18,40.69,41.14,37.09,41.55,36.83,41.72,37.00;.mob Blackrock Outrunner",,,,,,,,,,,,,,,,
Blackrock Outrunner,Redridge Mountains,20-21,Normal,Humanoid,Fast Patrol,Do a long net,".line Redridge Mountains,38.41,41.37,38.91,41.01,40.15,41.53,41.78,39.42,42.79,39.42,43.23,40.10,45.50,39.63,45.73,39.36;.mob Blackrock Outrunner",,,,,,,,,,,,,,,,
Blackrock Outrunner,Redridge Mountains,20-21,Normal,Humanoid,Fast Patrol,Do a long net,".line Redridge Mountains,73.64,73.72,74.50,73.76,75.99,72.82,77.87,70.76,77.90,67.71,78.34,69.74,76.62,73.87,75.08,74.30,73.64,73.72 ;.mob Blackrock Outrunner",,,,,,,,,,,,,,,,
Blackrock Outrunner,Redridge Mountains,20-21,Normal,Humanoid,Fast Patrol,Do a long net,".line Redridge Mountains,75.66,79.80,76.73,78.41,77.27,76.96,77.26,76.35,75.95,74.70,74.38,74.08,71.73,75.12,71.35,74.79;.mob Blackrock Outrunner",,,,,,,,,,,,,,,,
Blackrock Outrunner,Redridge Mountains,20-21,Normal,Humanoid,Fast Patrol,Do a long net,".line Redridge Mountains,74.14,77.03,73.69,77.09,73.23,77.90,73.34,78.58,72.17,77.68,70.84,78.63,70.06,78.83,71.03,79.34,72.06,81.14,73.47,81.93,74.95,81.29,75.03,80.06,74.63,78.63,74.24,77.90,74.14,77.03;.mob Blackrock Outrunner",,,,,,,,,,,,,,,,
Blackrock Outrunner,Redridge Mountains,20-21,Normal,Humanoid,Fast Patrol,Do a long net,".line Redridge Mountains,76.34,79.60,75.79,79.50,74.35,81.27,72.56,80.98,72.11,80.37,76.97,82.15,76.85,80.85,76.40,80.36;.mob Blackrock Outrunner",,,,,,,,,,,,,,,,
Lieutenant Fangore,Redridge Mountains,26,Normal,Humanoid,Slow Patrol,Has two adds tied to his leash,".pin Redridge Mountains,79.4,37.4;.pin Redridge Mountains,81.6,38.6;.pin Redridge Mountains,79.4,40.0;.pin Redridge Mountains,82.6,40.2;.pin Redridge Mountains,84.2,46.8;.mob Lieutenant Fangore",,,,,,,,,,,,,,,,
Black Dragon Whelp,Redridge Mountains,18,Normal,Dragon,Slow Patrol,Very high damage if fought at level,".pin Redridge Mountains,23.6,62.8;.pin Redridge Mountains,17.6,72.2;.pin Redridge Mountains,26.4,77.0;.pin Redridge Mountains,31.2,74.4;.pin Redridge Mountains,36.6,73.8;.pin Redridge Mountains,34.6,67.6;.pin Redridge Mountains,33.2,63.0;.pin Redridge Mountains,37.8,74.8;.pin Redridge Mountains,45.0,77.6;.pin Redridge Mountains,48.8,76.6;.pin Redridge Mountains,51.6,75.2;.pin Redridge Mountains,54.6,73.8;.pin Redridge Mountains,57.4,75.6;.pin Redridge Mountains,58.8,78.8;.pin Redridge Mountains,61.6,78.0;.pin Redridge Mountains,62.0,73.8;.pin Redridge Mountains,66.4,76.6;.pin Redridge Mountains,52.6,39.6;.pin Redridge Mountains,47.6,38.2;.pin Redridge Mountains,43.8,38.4;.pin Redridge Mountains,46.6,34.6;.pin Redridge Mountains,42.4,33.4;.pin Redridge Mountains,43.6,30.4;.pin Redridge Mountains,23.8,35.2;.mob Black Dragon Whelp",,,,,,,,,,,,,,,,
Murloc Minor Tidecaller,Redridge Mountains,17-18,Normal,Humanoid,Slow Patrol,Hyperspawns,".line Redridge Mountains,48.48,71.84,47.91,71.41,47.14,71.96,47.85,71.03,47.88,70.44,47.57,69.59,47.74,68.33,49.27,68.66,50.19,70.19,50.62,70.50,50.35,71.30,48.82,71.27,48.48,71.84;.mob Murloc Minor Tidecaller",,,,,,,,,,,,,,,,
Ruuzel,Ashenvale,22,Normal,Humanoid,Slow Patrol,"Has two adds, can be hard",".line Ashenvale,6.86,14.05,6.99,14.24,6.50,14.77,6.05,14.28,6.02,13.97,6.24,13.75,6.43,13.67,6.57,13.41,6.48,13.15,6.24,13.00,6.22,12.56,6.40,12.25,6.97,12.42,7.06,12.70,7.23,13.01,7.20,13.41,7.06,13.74,6.86,14.05;.mob Ruuzel",,,,,,,,,,,,,,,,
Saltspittle Oracle,Ashenvale,20-21,Normal,Humanoid,Slow Patrol,Hits hard and heal,".line Ashenvale,21.22,41.42,21.08,41.03,20.89,40.85,20.43,40.95,19.98,41.11,19.73,41.21,19.52,41.45,19.49,41.75,19.84,43.60,20.10,44.11,20.45,44.28,20.85,44.13,20.99,43.89,21.01,43.37,21.15,42.95,21.22,41.42;.mob Saltspittle Oracle",,,,,,,,,,,,,,,,
Ilkrud Magthrull,Ashenvale,24,Normal,Humanoid,Idle,Can summon voidwalkers and has a succubus pet,".pin Ashenvale,25.2,60.6;.mob Ilkrud Magthrull",,,,,,,,,,,,,,,,
Stitches,Duskwood,35,Elite,Undead,Fast Patrol,Roaming elite,".line Duskwood,36.98,62.16,38.44,62.72,41.05,63.47,42.18,64.08,43.82,65.29,44.77,65.86,48.08,66.20,49.63,66.23,50.87,66.63,52.19,67.50,53.09,68.61,54.02,68.99,54.74,68.88,55.25,68.48,56.33,67.25,57.70,66.20,58.38,65.43,60.10,62.88,61.18,61.91,62.42,60.53,65.05,59.87,65.82,60.06,66.77,60.55,68.78,60.49,69.72,60.21,70.80,59.39,72.10,59.12,73.07,58.05,74.71,54.35,75.09,52.67,74.45,48.66,74.44,47.63;.mob Stitches",,,,,,,,,,,,,,,,
Mor'ladim,Duskwood,35,Elite,Undead,Fast Patrol,Roaming elite,".line Duskwood,18.51,39.03,17.77,40.52,16.51,39.12,16.72,34.24,17.54,35.99,18.35,36.32,19.00,35.77,20.17,35.62,20.60,36.84,20.36,38.46,21.64,40.96,21.01,41.74,20.21,40.69,19.86,42.16,19.04,42.40,18.61,41.82,18.58,40.57,18.98,39.46,19.07,37.55,18.65,37.52,18.32,37.79,18.51,39.03;.mob Mor'ladim",,,,,,,,,,,,,,,,
Nightbane Vile Fang,Duskwood,29-30,Normal,Humanoid,Idle,Hyperspawns,".pin Duskwood,59.4,80.2;.pin Duskwood,61.2,81.6;.pin Duskwood,62.6,82.4;.pin Duskwood,63.6,78.8;.pin Duskwood,71.4,74.4;.pin Duskwood,74.0,74.6;.pin Duskwood,74.6,71.6;.pin Duskwood,72.6,66.4;.pin Duskwood,70.4,71.6;.pin Duskwood,72.2,70.6;.mob Nightbane Vile Fang",,,,,,,,,,,,,,,,
Foreman Rigger,Stonetalon Mountains,24,Rare Elite,Humanoid,Idle,Nets,".pin Stonetalon Mountains,69.6,44.4;.pin Stonetalon Mountains,69.2,48.6;.pin Stonetalon Mountains,68.0,54.0;.pin Stonetalon Mountains,65.4,55.4;.pin Stonetalon Mountains,62.8,52.4;.pin Stonetalon Mountains,63.6,47.0;.pin Stonetalon Mountains,66.6,46.8;.pin Stonetalon Mountains,65.6,51.4;.mob Foreman Rigger",,,,,,,,,,,,,,,,
Pridewing Patriarch,Stonetalon Mountains,25,Rare,Beast,Slow Patrol,High level for area,".line Stonetalon Mountains,47.60,47.58,47.82,48.01,48.67,48.01,48.89,48.10,49.23,47.98,49.42,47.50,48.98,47.13,48.70,47.04,48.36,47.15,48.18,46.72,47.70,46.72,47.08,45.32,46.95,44.86,47.05,44.17,47.34,43.81,47.14,43.22,46.59,42.55,45.96,41.35,45.77,40.76,45.84,39.81,45.53,39.46,44.76,39.78,44.34,39.69,44.12,40.27,44.10,41.02,44.92,41.70,44.93,42.30,45.13,43.15,45.17,43.48,44.67,43.98,44.50,44.58,44.70,44.97,45.25,44.98,45.61,45.42,45.93,45.93,46.13,46.54,46.72,47.02,47.60,47.58;.mob Pridewing Patriarch",,,,,,,,,,,,,,,,
Taskmaster Whipfang ,Stonetalon Mountains,22,Rare Elite,Humanoid,Idle,"Fears, hits very fast",".pin Stonetalon Mountains,61.6,49.2;.pin Stonetalon Mountains,64.8,48.4;.pin Stonetalon Mountains,64.6,54.6;.pin Stonetalon Mountains,65.0,58.4;.pin Stonetalon Mountains,63.0,57.8;.pin Stonetalon Mountains,61.2,58.4;.pin Stonetalon Mountains,59.4,54.0;.pin Stonetalon Mountains,62.6,56.2;.pin Stonetalon Mountains,61.8,51.6;.mob Taskmaster Whipfang",,,,,,,,,,,,,,,,
Dragonmaw Raider,Wetlands,26-27,Normal,Humanoid,Idle,Nets and fast dps,".pin Wetlands,40.2,46.4;.pin Wetlands,42.2,44.6;.pin Wetlands,42.0,39.4;.pin Wetlands,45.6,44.6;.pin Wetlands,47.8,46.0;.pin Wetlands,49.6,48.6;.pin Wetlands,52.4,45.8;.mob Dragonmaw Raider",,,,,,,,,,,,,,,,
Captain Halyndor,Wetlands,30,Normal,Undead,Idle,Reflects spells,".pin Wetlands,15.6,23.4;.mob Captain Halyndor",,,,,,,,,,,,,,,,
Mosshide Fenrunner,Wetlands,22-23,Normal,Humanoid,Idle,Hyperspawns,".pin Wetlands,38.8,33.8;.pin Wetlands,43.6,34.6;.pin Wetlands,45.8,31.8;.pin Wetlands,45.6,35.6;.pin Wetlands,61.0,58.6;.pin Wetlands,64.8,56.6;.pin Wetlands,64.2,61.8;.mob Mosshide Fenrunner",,,,,,,,,,,,,,,,
Tarren Mill Deathguard,Hillsbrad Foothills,55,Normal,Humanoid,Slow Patrol,Roaming guard,".line Hillsbrad Foothills,61.36,20.02,61.07,20.17,60.84,20.47,60.51,21.05,59.98,21.29,59.62,21.23,59.27,21.05,59.07,20.78,58.91,20.45,58.80,20.03,58.28,19.54,58.06,19.48,57.61,19.70,57.27,19.78,56.92,19.82,56.70,19.76,56.37,19.57,56.05,19.58,55.83,19.66;.mob Tarren Mill Deathguard",,,,,,,,,,,,,,,,
Shadowy Assassin,Hillsbrad Foothills,37-38,Normal,Humanoid,Idle,"Many spawn in Southshore, stealth, high level",".pin Hillsbrad Foothills,49.0,55.2;.pin Hillsbrad Foothills,52.2,56.0;.pin Hillsbrad Foothills,51.6,62.4;.pin Hillsbrad Foothills,49.4,59.0;.mob Shadowy Assassin",,,,,,,,,,,,,,,,
Forsaken Courier,Hillsbrad Foothills,35,Normal,Humanoid,Slow Patrol,Roaming pack of 5,".line Hillsbrad Foothills,82.61,57.64,81.95,56.88,81.53,56.52,80.58,55.45,79.48,54.86,78.41,54.14,77.07,53.10,75.15,50.85,74.15,49.68,72.83,48.54,72.22,48.00,70.13,46.58,68.52,45.89,67.53,45.00,66.62,43.63,65.66,42.44,64.37,41.97,63.47,41.85,61.93,41.22,61.08,40.43,59.39,38.34,57.79,36.74,57.40,35.67,56.95,34.04,56.41,31.49,56.34,30.91,56.03,29.69,55.87,28.31,55.72,27.07,55.65,24.22,55.73,22.44,55.76,20.79,55.66,19.72,56.22,19.57,56.78,19.79,57.21,19.83,58.18,19.47,58.70,19.92;.mob Forsaken Courier",,,,,,,,,,,,,,,,
Crushridge Mauler,Alterac Mountains,36-40,Elite,Humanoid,Slow Patrol,,".line Alterac Mountains,34.49,49.84,34.42,50.90,34.77,50.96,36.57,49.58,37.49,51.34,38.06,53.03,38.35,54.29,38.97,54.86,39.28,54.74;.mob Crushridge Mauler",,,,,,,,,,,,,,,,
Crushridge Warmonger,Alterac Mountains,36-40,Elite,Humanoid,Slow Patrol,Calls for help,".line Alterac Mountains,38.06,53.66,38.17,52.65,38.75,51.61,39.12,51.15,39.31,50.61,39.65,50.14,39.84,48.34;.mob Crushridge Warmonger",,,,,,,,,,,,,,,,
Grel'borg the Miser,Alterac Mountains,39,Elite,Humanoid,Slow Patrol,,".line Alterac Mountains,35.58,54.44,35.26,54.33,35.20,54.18,35.77,53.74,36.26,55.11,36.66,54.81,36.29,53.75,37.30,52.85,37.59,52.71,38.24,52.79,38.87,51.55,39.28,50.93,39.52,49.71,40.14,47.23,40.91,46.30,40.24,46.09,40.13,47.69,39.19,51.17,38.51,52.01,38.11,52.68,37.46,52.78,36.28,53.71,35.88,52.69,35.52,53.01,35.77,53.74,35.20,54.18,35.26,54.33,35.58,54.44;.mob Grel'borg the Miser",,,,,,,,,,,,,,,,
Narillasanz,Hillsbrad Foothills,44,Rare Elite,Dragon,Slow Patrol,Roams around Hillsbrad,".line Hillsbrad Foothills,73.70,56.43,74.53,54.28,75.04,53.46,76.07,53.20,76.77,52.03,76.99,50.58,76.24,48.99,75.50,48.08,75.01,47.03,77.64,45.17,78.50,43.87,79.70,43.02,80.43,44.45,80.13,46.17,81.00,47.46,81.84,49.20,81.97,50.86,79.93,54.01,78.80,53.01,78.10,50.83,78.93,49.45,78.80,47.67,79.81,47.03,80.98,48.43,82.25,49.38,83.07,50.77,83.85,52.74,83.90,54.22,84.36,55.14,84.24,56.11,82.79,56.17,81.32,55.14,79.41,58.86,78.56,61.08,77.26,62.53,75.47,63.64,74.71,63.20,74.09,60.65,74.29,60.27,73.92,58.40,73.70,56.43;.mob Narillasanz",,,,,,,,,,,,,,,,
Helcular's Remains,Hillsbrad Foothills,44,Elite,Undead,Idle,Can spawn near Southshore,".pin Hillsbrad Foothills,52.6,53.2;.pin Hillsbrad Foothills,50.0,56.8;.mob Helcular's Remains",,,,,,,,,,,,,,,,
Deepstrider Giant,Desolace,38-39,Elite,Giant,Slow Patrol,"Basic elite, but huge patrol/aggro radius",".line Desolace,20.63,88.19,21.44,84.50,21.99,83.60,23.25,83.11,24.82,81.41,25.37,82.24,25.64,82.89,26.21,82.62,27.05,82.83,27.95,82.73,29.15,82.07,29.83,81.93,30.25,81.30,31.67,80.18,32.30,79.85,33.08,80.02,33.55,79.68,33.73,78.98,33.92,77.68,34.43,76.92,34.64,75.67,35.26,75.39,36.42,75.53,37.62,75.59,39.06,78.94,39.68,79.18,40.22,79.16,40.74,80.26,41.26,80.97,42.45,81.10,43.46,81.14,44.09,80.94,44.64,80.15,44.78,78.92,44.72,77.79,44.69,77.08,44.69,76.65,44.26,75.89,44.02,74.65,43.90,73.38,43.23,72.16,42.80,71.30,42.60,70.16,42.02,69.08,41.91,68.11,42.00,67.77,41.86,65.67,42.02,64.33,42.73,63.53,43.45,63.25,44.11,62.36,44.18,60.67,44.25,59.69,44.06,57.83,43.57,56.78,43.46,55.42,43.46,52.20,43.54,50.72,43.94,49.79,44.29,48.30,44.35,47.11,44.56,45.95,44.68,44.88,44.69,43.46,44.68,42.47,44.96,41.34,45.61,40.99,45.72,40.06,46.51,39.79,47.10,40.00,48.03,39.95,48.60,40.20,48.61,41.23,49.12,42.36,49.30,43.55,49.37,44.65,49.54,45.53,50.12,46.73,50.70,46.91,52.38,46.77,53.71,46.78,54.27,47.36,54.77,47.76,55.29,48.02,55.95,47.94,56.08,47.90,56.76,47.18,57.54,46.95,58.39,47.06,59.21,47.45,60.02,48.01,60.53,48.81,61.24,48.97,61.24,50.30,61.87,51.25,61.86,52.58,61.86,54.86,61.92,55.79,61.84,57.18,61.90,58.40,61.90,58.95,62.69,59.75,63.31,60.78,63.37,61.61,63.43,62.05,63.39,63.60,63.41,65.39,63.45,66.17,63.43,67.01,62.54,67.57,62.03,67.69,61.46,67.97,61.02,68.63,60.59,68.90,59.96,69.83,59.42,70.45,59.24,71.37,59.51,72.27,59.65,72.71,59.71,73.91,59.69,74.62,59.79,75.99,59.69,78.04,59.58,78.94,59.00,79.13,58.66,79.82,58.19,80.03,57.90,80.56,58.29,81.60,58.52,82.09,58.48,82.73,58.40,83.86;.mob Deepstrider Giant",,,,,,,,,,,,,,,,
Deepstrider Giant,Desolace,38-39,Elite,Giant,Slow Patrol,"Basic elite, but huge patrol/aggro radius",".line Desolace,65.62,59.84,65.65,58.72,65.85,56.75,65.85,55.47,65.68,54.50,66.18,53.38,65.74,52.40,66.17,51.06,66.20,50.00,66.47,48.91,67.28,46.95,67.87,46.00,67.76,44.61,66.84,43.50,66.42,43.28,65.67,42.13,65.02,40.10,64.81,38.78,64.24,37.50,64.19,36.53,64.69,35.65,64.97,34.61,65.51,33.72,66.19,33.21,66.44,31.37,66.60,29.79,66.47,28.91,66.97,26.36,67.01,25.24,66.32,24.24,65.22,22.92,64.75,22.56,64.09,22.35,63.21,22.38,62.90,22.23,62.50,22.39,61.68,21.95,60.98,21.01,60.30,20.07,59.64,20.26,58.91,19.99,58.50,19.76,57.35,19.58,56.03,19.55,55.72,19.70,55.05,19.78,54.78,20.16,54.31,20.13,54.07,19.70,53.74,20.59,53.57,21.18,53.11,21.57,52.72,21.76,51.77,22.64,51.46,25.63,51.04,26.33,50.93,27.58,50.08,27.94,49.46,29.00,48.62,31.47,48.54,32.46,47.99,33.38,47.75,34.62,47.14,35.57,46.87,36.75,46.39,37.72,45.61,38.81,44.82,38.99,44.14,38.84,42.54,38.73,41.05,36.64,40.90,35.95,40.24,35.45,39.22,33.87,38.42,32.73,37.83,32.48,37.15,32.47,36.81,32.34,36.05,31.43,35.51,30.75,34.96,31.04,34.68,32.00,34.91,32.42,34.80,34.57,34.41,35.27,33.77,35.45,32.90,35.37,32.08,33.06,31.35,32.44,30.19,30.96,29.06,30.89,28.53,31.60,28.51,32.67,28.91,33.54,28.63,34.39,28.88,35.42,29.01,36.01,28.36,36.78,27.06,36.32,26.30,36.72,26.16,37.61,25.39,38.28,24.65,39.78,24.28,40.21,24.02,47.58,23.29,49.76,23.18,50.58,22.36,51.70,21.92,52.63,22.05,54.06,22.96,56.11,24.38,56.30,25.42,56.33;.mob Deepstrider Giant",,,,,,,,,,,,,,,,
Bloodscalp Shaman,Stranglethorn Vale,33-34,Normal,Humanoid,Idle,"Enrage, Fire Nova, dense area",".pin Stranglethorn Vale,24.6,9.2;.pin Stranglethorn Vale,22.6,8.4;.pin Stranglethorn Vale,23.2,10.8;.pin Stranglethorn Vale,20.8,12.2;.pin Stranglethorn Vale,19.4,12.8;.pin Stranglethorn Vale,21.4,14.4;.mob Bloodscalp Shaman",,,,,,,,,,,,,,,,
Bhag'thera,Stranglethorn Vale,40,Elite,Beast,Idle,Hits hard/fast,".pin Stranglethorn Vale,48.8,20.0;.pin Stranglethorn Vale,49.8,24.6;.pin Stranglethorn Vale,47.6,28.8;.mob Bhag'thera",,,,,,,,,,,,,,,,
Tethis,Stranglethorn Vale,43,Elite,Beast,Idle,Hamstrings,".pin Stranglethorn Vale,28.4,45.0;.pin Stranglethorn Vale,31.4,43.6;.pin Stranglethorn Vale,33.4,39.4;.mob Tethis",,,,,,,,,,,,,,,,
King Bangalash,Stranglethorn Vale,43,Elite,Beast,Idle,Calls for help and summons adds at half HP,".pin Stranglethorn Vale,38.6,35.6;.mob King Bangalash",,,,,,,,,,,,,,,,
Mosh'Ogg Warmonger,Stranglethorn Vale,41-42,Elite,Humanoid,Idle,"Large aggro radius, near questing area",".pin Stranglethorn Vale,47.0,24.8;.pin Stranglethorn Vale,49.2,27.0;.pin Stranglethorn Vale,50.4,26.4;.pin Stranglethorn Vale,48.8,28.6;.pin Stranglethorn Vale,48.4,31.6;.pin Stranglethorn Vale,49.6,31.0;.mob Mosh'Ogg Warmonger",,,,,,,,,,,,,,,,
Mosh'Ogg Mauler,Stranglethorn Vale,43-44,Elite,Humanoid,Idle,"Large aggro radius, near questing area",".pin Stranglethorn Vale,47.0,24.8;.pin Stranglethorn Vale,49.2,27.0;.pin Stranglethorn Vale,50.4,26.4;.pin Stranglethorn Vale,48.8,28.6;.pin Stranglethorn Vale,48.4,31.6;.pin Stranglethorn Vale,49.6,31.0;.mob Mosh'Ogg Mauler",,,,,,,,,,,,,,,,
Mosh'Ogg Shaman,Stranglethorn Vale,43-44,Elite,Humanoid,Idle,"Large aggro radius, near questing area",".pin Stranglethorn Vale,47.0,24.8;.pin Stranglethorn Vale,49.2,27.0;.pin Stranglethorn Vale,50.4,26.4;.pin Stranglethorn Vale,48.8,28.6;.pin Stranglethorn Vale,48.4,31.6;.pin Stranglethorn Vale,49.6,31.0;.mob Mosh'Ogg Shaman",,,,,,,,,,,,,,,,
Mogh the Undying,Stranglethorn Vale,44,Elite,Humanoid,Idle,"Summons adds, drains them for HP, hyperspawn",".pin Stranglethorn Vale,47.6,44.2;.mob Mogh the Undying",,,,,,,,,,,,,,,,
Jon-Jon the Crow,Stranglethorn Vale,43-44,Normal,Undead,Idle,Triple-pull,".pin Stranglethorn Vale,34.8,51.8;.mob Jon-Jon the Crow",,,,,,,,,,,,,,,,
Garr Salthoof,Stranglethorn Vale,43,Normal,Humanoid,Idle,"Easily double-pulled, charges, stuns",".pin Stranglethorn Vale,29.2,88.8;.mob Garr Salthoof",,,,,,,,,,,,,,,,
Gorlash,Stranglethorn Vale,47,Elite,Giant,Idle,AoE damage,".pin Stranglethorn Vale,36.6,69.6;.mob Gorlash",,,,,,,,,,,,,,,,
Fleet Master Firallon,Stranglethorn Vale,48,Normal,Humanoid,Idle,"Double-pull, dual wields/buffs adds",".pin Stranglethorn Vale,30.6,90.6;.mob Fleet Master Firallon",,,,,,,,,,,,,,,,
Bloodscalp Hunter,Stranglethorn Vale,33-34,Normal,Humanoid,Idle,They do a net and have a pet,".pin Stranglethorn Vale,24.6,9.2;.pin Stranglethorn Vale,22.6,8.4;.pin Stranglethorn Vale,23.2,10.8;.pin Stranglethorn Vale,20.8,12.2;.pin Stranglethorn Vale,19.4,12.8;.pin Stranglethorn Vale,21.4,14.4;.mob Bloodscalp Hunter",,,,,,,,,,,,,,,,
Bloodscalp Shaman,Stranglethorn Vale,33-34,Normal,Humanoid,Idle,"Enrage, Fire Nova, dense area",".pin Stranglethorn Vale,24.6,9.2;.pin Stranglethorn Vale,22.6,8.4;.pin Stranglethorn Vale,23.2,10.8;.pin Stranglethorn Vale,20.8,12.2;.pin Stranglethorn Vale,19.4,12.8;.pin Stranglethorn Vale,21.4,14.4;.mob Bloodscalp Shaman",Bloodscalp Shaman,Stranglethorn Vale,33-34,Normal,Humanoid,Idle,"Enrage, Fire Nova, dense area",".goto Stranglethorn Vale,24.6,9.2;.goto Stranglethorn Vale,22.6,8.4;.goto Stranglethorn Vale,23.2,10.8;.goto Stranglethorn Vale,20.8,12.2;.goto Stranglethorn Vale,19.4,12.8;.goto Stranglethorn Vale,21.4,14.4",Bloodscalp Shaman,Stranglethorn Vale,33-34,Normal,Humanoid,Idle,"Enrage, Fire Nova, dense area",".goto Stranglethorn Vale,24.6,9.2;.goto Stranglethorn Vale,22.6,8.4;.goto Stranglethorn Vale,23.2,10.8;.goto Stranglethorn Vale,20.8,12.2;.goto Stranglethorn Vale,19.4,12.8;.goto Stranglethorn Vale,21.4,14.4"
Bloodscalp Berserker,Stranglethorn Vale,36-37,Normal,Humanoid,Idle,"Enrage, dense area",".pin Stranglethorn Vale,24.6,9.2;.pin Stranglethorn Vale,22.6,8.4;.pin Stranglethorn Vale,23.2,10.8;.pin Stranglethorn Vale,20.8,12.2;.pin Stranglethorn Vale,19.4,12.8;.pin Stranglethorn Vale,21.4,14.4;.mob Bloodscalp Berserker",Bloodscalp Berserker,Stranglethorn Vale,36-37,Normal,Humanoid,Idle,"Enrage, dense area",".goto Stranglethorn Vale,24.6,9.2;.goto Stranglethorn Vale,22.6,8.4;.goto Stranglethorn Vale,23.2,10.8;.goto Stranglethorn Vale,20.8,12.2;.goto Stranglethorn Vale,19.4,12.8;.goto Stranglethorn Vale,21.4,14.4",Bloodscalp Berserker,Stranglethorn Vale,36-37,Normal,Humanoid,Idle,"Enrage, dense area",".goto Stranglethorn Vale,24.6,9.2;.goto Stranglethorn Vale,22.6,8.4;.goto Stranglethorn Vale,23.2,10.8;.goto Stranglethorn Vale,20.8,12.2;.goto Stranglethorn Vale,19.4,12.8;.goto Stranglethorn Vale,21.4,14.4"
Bloodscalp Headhunter,Stranglethorn Vale,36-37,Normal,Humanoid,Idle,"Enrage, net, dense area",".pin Stranglethorn Vale,24.6,9.2;.pin Stranglethorn Vale,22.6,8.4;.pin Stranglethorn Vale,23.2,10.8;.pin Stranglethorn Vale,20.8,12.2;.pin Stranglethorn Vale,19.4,12.8;.pin Stranglethorn Vale,21.4,14.4;.mob Bloodscalp Headhunter",Bloodscalp Headhunter,Stranglethorn Vale,36-37,Normal,Humanoid,Idle,"Enrage, net, dense area",".goto Stranglethorn Vale,24.6,9.2;.goto Stranglethorn Vale,22.6,8.4;.goto Stranglethorn Vale,23.2,10.8;.goto Stranglethorn Vale,20.8,12.2;.goto Stranglethorn Vale,19.4,12.8;.goto Stranglethorn Vale,21.4,14.4",Bloodscalp Headhunter,Stranglethorn Vale,36-37,Normal,Humanoid,Idle,"Enrage, net, dense area",".goto Stranglethorn Vale,24.6,9.2;.goto Stranglethorn Vale,22.6,8.4;.goto Stranglethorn Vale,23.2,10.8;.goto Stranglethorn Vale,20.8,12.2;.goto Stranglethorn Vale,19.4,12.8;.goto Stranglethorn Vale,21.4,14.4"
Highland Thrasher,Arathi Highlands,33-34,Normal,Beast,Idle,Thrash mob,".pin Arathi Highlands,62.6,65.8;.pin Arathi Highlands,54.6,58.2;.pin Arathi Highlands,36.4,64.0;.pin Arathi Highlands,40.6,35.2;.pin Arathi Highlands,21.2,50.6;.mob Highland Thrasher",,,,,,,,,,,,,,,,
Boulderfist Ogre,Arathi Highlands,32-33,Normal,Humanoid,Idle,"Has Fist of Stone ability, 100 dmg bonus per attack but 54% reduced attack speed/movement speed",".pin Arathi Highlands,53.54,76.79;.mob Boulderfist Ogre",,,,,,,,,,,,,,,,
Boulderfist Enforcer,Arathi Highlands,33-34,Normal,Humanoid,Idle,"Has Fist of Stone ability, 100 dmg bonus per attack but 54% reduced attack speed/movement speed",".pin Arathi Highlands,53.54,76.79;.mob Boulderfist Enforcer",,,,,,,,,,,,,,,,
Witherbark Headhunter,Arathi Highlands,34-35,Normal,Humanoid,Idle,Execute mobs and cast nets,".pin Arathi Highlands,73.51,65.03;.pin Arathi Highlands,70.53,69.56;.pin Arathi Highlands,64.73,73.47;.pin Arathi Highlands,61.17,72.58;.pin Arathi Highlands,63.28,67.56;.pin Arathi Highlands,66.31,64.25;.mob Witherbark Headhunter",,,,,,,,,,,,,,,,
Thundering Exile,Arathi Highlands,38-39,Normal,Elemental,Idle,"High damage shock ability, sometimes double pull",".pin Arathi Highlands,52.02,50.69;.mob Thundering Exile",,,,,,,,,,,,,,,,
Forsaken Courier,Arathi Highlands,35,Normal,Humanoid,Slow Patrol,Roaming pack of 5,".line Arathi Highlands,60.67,60.98,59.44,62.75,58.92,63.04,58.19,62.96,57.59,62.67,57.21,62.68,56.61,63.00,56.13,62.76,55.22,62.27,54.42,61.98,53.02,61.59,52.01,61.41,51.32,60.73,50.53,59.53,49.55,59.23,48.34,59.29,47.83,59.60,47.09,59.77,46.50,59.70,46.09,59.44,45.59,59.00,45.25,59.01,45.07,58.55,43.20,55.21,42.64,54.88,39.56,54.80,39.12,54.51,38.37,53.50,37.35,53.03,36.21,52.62,34.84,52.29,33.35,52.08,30.95,51.83,29.06,50.64,27.54,49.82,27.07,49.73,26.44,49.06,26.19,48.60,25.71,47.48,25.36,46.33,25.04,45.68,24.22,44.30,23.85,43.73,23.57,42.96,23.41,42.18,22.87,39.65,22.68,37.75,22.47,33.66,21.77,32.02,20.83,30.55,20.35,29.78,19.89,29.22;.mob Forsaken Courier",,,,,,,,,,,,,,,,
Otto,Arathi Highlands,38,Elite,Humanoid,Idle,Multi-pull with stun and interrupt,".pin Arathi Highlands,26.0,65.6;.mob Otto",,,,,,,,,,,,,,,,
Boss Tho'grun,Badlands,41-42,Normal,Humanoid,Slow Patrol,Quest mob patrolling around the zone with 4-6 mob entourage,".line Badlands,36.37,71.63,39.75,72.36,43.61,72.61,51.70,73.52,61.89,67.68,54.73,58.52,48.53,53.02,45.44,51.70,41.01,54.95,35.35,56.99,28.17,56.44,19.50,57.77,16.05,64.35,12.51,72.73,12.85,77.42,14.51,79.15,21.83,78.10,25.39,73.02,32.13,74.04,36.37,71.63;.mob Boss Tho'grun",,,,,,,,,,,,,,,,
Anathemus,Badlands,45,Rare Elite,Giant,Slow Patrol,Patrolling around the zone,".line Badlands,36.37,71.63,39.75,72.36,43.61,72.61,51.70,73.52,61.89,67.68,54.73,58.52,48.53,53.02,45.44,51.70,41.01,54.95,35.35,56.99,28.17,56.44,19.50,57.77,16.05,64.35,12.51,72.73,12.85,77.42,14.51,79.15,21.83,78.10,25.39,73.02,32.13,74.04,36.37,71.63;.mob Anathemus",,,,,,,,,,,,,,,,
Zaricotl,Badlands,55,Rare Elite,Beast,Idle,Extremely high level for area,".pin Badlands,56.8,65.6;.pin Badlands,53.4,60.2;.pin Badlands,59.2,56.8;.pin Badlands,60.2,65.0;.pin Badlands,56.2,62.6;.pin Badlands,34.8,73.6;.pin Badlands,39.6,65.2;.pin Badlands,32.4,65.2;.pin Badlands,39.8,58.6;.pin Badlands,42.2,52.0;.pin Badlands,32.0,52.8;.pin Badlands,36.4,46.2;.mob Zaricotl",,,,,,,,,,,,,,,,
Siege Golem,Badlands,40,Rare Elite,Elemental,Slow Patrol,"Basic elite, nothing special",".line Badlands,41.68,39.71,40.13,40.09,38.96,40.24,37.78,41.88,36.55,42.56,35.95,43.69,34.97,44.76,34.27,46.35,33.49,47.82,33.21,49.64,32.64,51.13,32.20,52.67,31.78,55.21,31.31,56.80,30.62,57.90,29.48,58.40,27.88,58.13,23.79,57.55,21.26,58.27,20.23,57.85,19.28,58.58,18.87,59.91,18.68,60.39,16.24,63.49,14.81,64.16,11.92,64.04,10.60,63.71,7.83,61.88,6.99,61.68;.mob Siege Golem",,,,,,,,,,,,,,,,
Brimgore,Dustwallow Marsh,45,Rare Elite,Dragonkin,Slow Patrol,Flame breath,".line Dustwallow Marsh,43.82,80.69,42.21,78.44,41.58,75.56;.mob Brimgore",,,,,,,,,,,,,,,,
Coral Shark,Dustwallow Marsh,46-47,Elite,Beast,Idle,Extremely high level/thrashes/hard to see,".pin Dustwallow Marsh,75.6,32.0;.pin Dustwallow Marsh,81.0,52.8;.pin Dustwallow Marsh,74.8,72.8;.pin Dustwallow Marsh,78.2,69.0;.pin Dustwallow Marsh,67.4,61.2;.pin Dustwallow Marsh,67.2,57.2;.pin Dustwallow Marsh,69.0,55.2;.pin Dustwallow Marsh,70.6,52.4;.pin Dustwallow Marsh,70.6,49.4;.pin Dustwallow Marsh,72.6,53.6;71.4;57.8;.pin Dustwallow Marsh,62.6,32.0;.pin Dustwallow Marsh,62.6,28.2;62.8,23.8;.pin Dustwallow Marsh,65.8,22.4;.pin Dustwallow Marsh,65.6,20.2;.pin Dustwallow Marsh,66.8,27.8;.pin Dustwallow Marsh,65.8,30.8;.pin Dustwallow Marsh,64.8,32.6;.mob Brimgore",,,,,,,,,,,,,,,,
Vilebranch Ambusher,Hinterlands,47-48,Normal,Humanoid,Idle,"Has execute, 3 spawn during chicken escort",".pin The Hinterlands,69.6,62.4;.mob Vilebranch Ambusher",,,,,,,,,,,,,,,,
Vilebranch Scalper,Hinterlands,46-47,Normal,Humanoid,Idle,Executes,".pin The Hinterlands,48.2,66.3;.pin The Hinterlands,53.4,40.6;.pin The Hinterlands,67.2,45.6;.pin The Hinterlands,72.6,48.8;.mob Vilebranch Scalper",,,,,,,,,,,,,,,,
Vilebranch Kidnapper,Hinterlands,49,Normal,Humanoid,Idle,3 spawn on Lard Lost His Lunch; executes,".pin The Hinterlands,84.4,40.9;.mob Vilebranch Kidnapper",,,,,,,,,,,,,,,,
Gammerita,Hinterlands,48,Elite,Beast,Slow Patrol,"Hits hard, reduces armor, patrols coast",".line The Hinterlands,81.95,49.41,81.21,52.91,81.98,54.30,81.97,56.42,80.77,58.37,80.34,59.40,79.45,60.76,78.69,61.39,76.86,62.73,75.91,63.81,75.29,65.60,76.72,66.85,78.53,67.51,78.60,68.97,77.90,70.97,76.71,71.26,76.52,72.95,77.07,74.64;.mob Gammerita",,,,,,,,,,,,,,,,
Retherokk the Berserker,Hinterlands,48,Rare,Humanoid,Idle,Enrage and Thrash,".pin The Hinterlands,50.8,62.6;.mob Retherokk the Berserker",,,,,,,,,,,,,,,,
Grimungous,Hinterlands,50,Rare Elite,Giant,Slow Patrol,5 second aoe stun,".line The Hinterlands,70.26,52.47,69.32,52.28,68.77,51.89,68.54,51.59,68.24,50.31,68.05,48.59,67.21,48.03,66.21,47.91,65.82,48.76,65.17,48.43,64.31,47.29,63.88,48.42,64.20,49.38,64.45,50.15,64.73,51.15,64.90,51.56,65.49,51.70,65.75,52.88,65.76,53.56,65.81,54.12,65.34,54.90,65.47,56.27,65.80,57.20,66.91,57.14,67.93,57.70,68.40,58.99,68.55,59.85,69.30,60.49,70.78,59.00,71.59,58.63,72.21,58.77,72.49,58.93,72.90,58.34,73.00,57.08,73.38,56.03,74.22,55.21,75.03,55.45,75.41,55.23,75.99,55.04,76.24,53.76,76.54,52.72,77.21,51.26,77.00,50.46,76.34,49.67,75.28,49.38,74.45,49.44,74.00,50.40,73.21,50.76,72.93,52.85,72.50,53.47,72.06,53.30,71.66,53.05,71.61,52.84,71.03,53.21,70.26,52.47;.mob Grimungous",,,,,,,,,,,,,,,,
Twilight Dark Shaman,Searing Gorge,47-48,Elite,Humanoid,Idle,Painful shock/heals,".pin Searing Gorge,18.6,35.4;.pin Searing Gorge,22.0,36.6;.pin Searing Gorge,23.6,41.2;.pin Searing Gorge,23.6,36.0;.pin Searing Gorge,26.6,34.6;.pin Searing Gorge,25.0,39.6;.mob Twilight Dark Shaman",,,,,,,,,,,,,,,,
Twilight Fire Guard,Searing Gorge,48-49,Elite,Humanoid,Idle,AoE fireball,".pin Searing Gorge,18.6,35.4;.pin Searing Gorge,22.0,36.6;.pin Searing Gorge,23.6,41.2;.pin Searing Gorge,23.6,36.0;.pin Searing Gorge,26.6,34.6;.pin Searing Gorge,25.0,39.6;.pin Searing Gorge,25.8,29.6;.pin Searing Gorge,23.6,27.4;.pin Searing Gorge,27.8,25.0;.pin Searing Gorge,30.6,26.4;.mob Twilight Fire Guard",,,,,,,,,,,,,,,,
Twilight Geomancer,Searing Gorge,49-50,Elite,Humanoid,Idle,Rain of Fire,".pin Searing Gorge,25.8,29.6;.pin Searing Gorge,23.6,27.4;.pin Searing Gorge,27.8,25.0;.pin Searing Gorge,30.6,26.4;.pin Searing Gorge,16.2,33.6;.pin Searing Gorge,13.6,42.6;.pin Searing Gorge,17.6,43.8;.mob Twilight Geomancer",,,,,,,,,,,,,,,,
Twilight Idolater,Searing Gorge,49-51,Elite,Humanoid,Idle,Nets,".pin Searing Gorge,27.4,26.0;.pin Searing Gorge,29.6,26.6;.mob Twilight Idolater",,,,,,,,,,,,,,,,
Overseer Maltorius,Searing Gorge,49-50,Elite,Humanoid,Idle,"1-2 adds, ~300 damage shadow bolt",".pin Searing Gorge,41.0,35.4;.mob Overseer Maltorius",,,,,,,,,,,,,,,,
Dark Iron Sentry,Searing Gorge,48,Elite,Humanoid,Idle,Sees through stealth,".pin Searing Gorge,42.0,35.4;.pin Searing Gorge,34.2,54.0;.pin Searing Gorge,36.6,60.0;.pin Searing Gorge,43.4,62.0;.pin Searing Gorge,49.4,55.8;.mob Dark Iron Sentry",,,,,,,,,,,,,,,,
Centipaar Swarmer,Tanaris,49-50,Normal,Uncategorized,Idle,Summons can get out of hand very quickly,".pin Tanaris,32.8,50.6;.pin Tanaris,35.6,49.8;.pin Tanaris,36.8,45.6;.pin Tanaris,36.6,40.6;.pin Tanaris,34.4,38.4;.pin Tanaris,33.0,44.2;.pin Tanaris,33.4,46.6;.pin Tanaris,34.6,42.2;.mob Centipaar Swarmer",,,,,,,,,,,,,,,,
Dunemaul Warlock,Tanaris,47-48,Normal,Humanoid,Idle,"Curse of Thorns, DoT, high damage shadow bolt",".pin Tanaris,39.0,74.0;.pin Tanaris,39.6,70.6;.pin Tanaris,42.0,71.2;.pin Tanaris,42.0,74.0;.pin Tanaris,45.8,63.8;.pin Tanaris,48.2,64.6;.pin Tanaris,46.8,66.8;.pin Tanaris,48.2,67.6;.pin Tanaris,38.4,57.8;.pin Tanaris,40.8,56.6;.pin Tanaris,39.6,53.0;.pin Tanaris,42.6,54.6;.mob Dunemaul Warlock",,,,,,,,,,,,,,,,
Glasshide Petrifier,Tanaris,48-49,Normal,Beast,Idle,"8 second stun, but cast can be outranged",".pin Tanaris,30.2,52.0;.pin Tanaris,28.0,56.0;.pin Tanaris,28.0,60.4;.pin Tanaris,31.0,60.6;.pin Tanaris,31.2,56.8;.pin Tanaris,33.6,59.6;.pin Tanaris,32.6,55.6;.pin Tanaris,35.8,66.0;.pin Tanaris,33.0,68.4;.pin Tanaris,35.0,70.2;.pin Tanaris,35.8,75.0;.pin Tanaris,33.0,73.2;.pin Tanaris,30.0,71.8;.pin Tanaris,33.6,76.6;.pin Tanaris,43.6,76.0;.pin Tanaris,45.6,71.0;.pin Tanaris,47.8,77.0;.mob Glasshide Petrifier",,,,,,,,,,,,,,,,
Centipaar Tunneler,Tanaris,47-48,Normal,Uncategorized,Idle,Several spawn during Water Survey quest,".pin Tanaris,39.08,29.17;.mob Centipaar Tunneler",,,,,,,,,,,,,,,,
Wastewander Assassin,Tanaris,44-45,Normal,Humanoid,Idle,Executes,".pin Tanaris,58.8,39.2;.pin Tanaris,58.8,36.4;.pin Tanaris,60.8,32.8;.pin Tanaris,60.6,39.0;.pin Tanaris,63.8,39.8;.pin Tanaris,63.2,37.4;.mob Wastewander Assassin",,,,,,,,,,,,,,,,
Hazzali Swarmer,Tanaris,49-50,Normal,Uncategorized,Idle,Summons can get out of hand very quickly,".pin Tanaris,54.0,72.6;.pin Tanaris,54.6,75.8;.pin Tanaris,56.0,72.6;.pin Tanaris,57.6,70.6;.pin Tanaris,56.0,68.2;.pin Tanaris,54.8,70.4;.mob Hazzali Swarmer",,,,,,,,,,,,,,,,
Edana Hatetalon,Feralas,50,Elite,Humanoid,Idle,Quest mob,".pin Feralas,40.6,62.8;.pin Feralas,24.4,63.2;.pin Feralas,24.6,66.8;.pin Feralas,25.6,64.6;.mob Edana Hatetalon",,,,,,,,,,,,,,,,
Sea Spray,Feralas,47-48,Normal,Elemental,Idle,"Geyser hits very hard, knocks far back, and slows",".pin Feralas,34.4,33.4;.pin Feralas,35.6,35.8;.pin Feralas,37.0,35.8;.pin Feralas,38.2,33.6;.pin Feralas,40.2,37.6;.pin Feralas,42.0,39.2;.pin Feralas,44.6,38.8;.pin Feralas,44.8,46.2;.pin Feralas,44.6,49.8;.pin Feralas,45.8,52.2;.pin Feralas,47.6,50.8;.pin Feralas,48.6,48.2;.pin Feralas,49.8,51.8;.pin Feralas,46.8,54.8;.pin Feralas,47.0,59.6;.pin Feralas,46.6,63.6;.pin Feralas,45.8,66.2;.mob Sea Spray",,,,,,,,,,,,,,,,
Hatecrest Myrmidon,Feralas,43-44,Normal,Humanoid,Idle,"Nets, hit hard",".pin Feralas,27.4,62.8;;.mob Hatecrest Myrmidon",,,,,,,,,,,,,,,,
Zukk'ash Wasp,Feralas,44-45,Normal,,Idle,Burst surprisingly hard,".pin Feralas,72.8,62.8;.pin Feralas,76.6,63.0;.pin Feralas,76.6,59.8;.pin Feralas,73.4,60.6;.mob Zukk'ash Wasp",,,,,,,,,,,,,,,,
Northspring Slayer,Feralas,49-50,Normal,Humanoid,Idle,Execute mobs,".pin Feralas,39.8,10.2;.pin Feralas,41.6,12.0;.pin Feralas,39.6,14.6;.pin Feralas,38.2,15.6;.pin Feralas,37.4,12.4;.pin Feralas,39.0,13.2;.mob Northspring Slayer",,,,,,,,,,,,,,,,
Lord Captain Wyrmak,Swamp of Sorrows,45,Rare Elite,Dragonkin,Slow Patrol,Patrols around Sunken Temple lake,".line Swamp of Sorrows,76.06,66.76,77.74,65.82,78.66,64.00,80.08,59.92,79.68,57.92,80.38,57.26,81.00,56.60,82.45,52.64,79.69,51.18,78.41,50.87,78.45,48.80,78.88,47.38,79.94,46.04,79.20,44.32,76.94,41.15,75.55,40.17,74.55,38.64,69.04,37.92,67.25,38.86,66.06,38.41,64.29,38.47,63.34,39.68,62.85,41.74;.mob Lord Captain Wyrmak",,,,,,,,,,,,,,,,
Somnus,Swamp of Sorrows,60,Elite,Dragonkin,Slow Patrol,Patrols east of the Sunken Temple lake,".line Swamp of Sorrows,78.02,60.41,77.21,63.47,76.49,65.57,76.20,65.95,76.18,67.63,76.45,69.93,82.06,72.29,83.61,70.89,84.58,69.16,85.28,66.42,85.33,64.40,87.00,57.71,86.28,55.28,85.22,54.43,85.75,52.05,85.35,49.94,84.25,47.87,83.26,47.49,81.29,46.04,80.24,45.49,78.78,47.78,78.41,49.96,78.71,53.66,78.84,55.21,79.37,57.55,78.67,59.27,78.02,60.41;.mob Somnus",,,,,,,,,,,,,,,,
Swamp Talker,Swamp of Sorrows,50,Normal,Humanoid,Idle,"Extremely high level for area, summons adds",".pin Swamp of Sorrows,63.4,91.2;.pin Swamp of Sorrows,62.2,87.8;.pin Swamp of Sorrows,61.0,84.2;.pin Swamp of Sorrows,63.4,80.4;.pin Swamp of Sorrows,65.6,80.6;.mob Swamp Talker",,,,,,,,,,,,,,,,
Black Drake,Burning Steppes,50-52,Elite,Dragonkin,Slow Patrol,Patrols in Eastern Burning Steppes,".line Burning Steppes,91.88,37.08,91.81,38.89,91.34,40.01,91.42,40.79,90.94,41.16,90.37,42.39,89.81,43.13,90.17,45.01,90.16,48.57,91.61,51.14,91.57,53.33,92.09,53.71,92.58,54.40,93.68,55.94;.mob Black Drake",,,,,,,,,,,,,,,,
Black Drake,Burning Steppes,50-52,Elite,Dragonkin,Slow Patrol,Patrols in Southeastern Burning Steppes,".line Burning Steppes,89.76,52.54,89.88,55.43,89.51,56.94,87.83,57.28,85.71,59.33,83.51,60.25,82.51,61.78;.mob Black Drake",,,,,,,,,,,,,,,,
Black Drake,Burning Steppes,50-52,Elite,Dragonkin,Slow Patrol,Patrols in Northeastern Burning Steppes,".line Burning Steppes,82.91,27.05,83.76,28.35,84.97,28.44,85.78,28.98,86.74,30.31,88.20,30.93,89.08,31.00,90.25,31.88,91.27,33.04,91.29,35.11,90.48,35.62,90.25,36.93,89.36,37.33,89.14,37.52,88.67,39.88;.mob Black Drake",,,,,,,,,,,,,,,,
Black Wyrmkin,Burning Steppes,53-54,Elite,Dragonkin,Idle,Painful fireball/blast wave,".pin Burning Steppes,57.4,60.2;.pin Burning Steppes,76.8,62.2;.pin Burning Steppes,92.2,54.6;.pin Burning Steppes,88.8,37.6;.pin Burning Steppes,84.8,28.6;.mob Black Wyrmkin",,,,,,,,,,,,,,,,
Scalding Drake,Burning Steppes,53-55,Elite,Dragonkin,Idle,Breath attack,".pin Burning Steppes,35.6,53.4;.pin Burning Steppes,40.0,62.4;.pin Burning Steppes,56.4,65.0;.pin Burning Steppes,62.4,58.6;.pin Burning Steppes,69.8,58.4;.pin Burning Steppes,85.8,95.0;.mob Scalding Drake",,,,,,,,,,,,,,,,
Frenzied Black Drake,Burning Steppes,54,Elite,Dragonkin,Idle,"Enrages, reduces block chance",".pin Burning Steppes,94.6,31.6;.mob Frenzied Black Drake",,,,,,,,,,,,,,,,
Gor'tesh,Burning Steppes,54,Normal,Humanoid,Idle,Absolute ton of burst damage + constant knockback,".pin Burning Steppes,39.4,56.6;.mob Gor'tesh",,,,,,,,,,,,,,,,
Volchan,Burning Steppes,60,Rare Elite,Elemental,Slow Patrol,Roaming elite,".line Burning Steppes,85.42,58.97,89.39,57.86,90.03,52.03,90.27,46.65,90.01,42.20,92.22,37.67,91.72,32.36,90.01,30.11,87.49,30.80,85.03,29.84,83.01,29.65,81.46,28.40,77.96,30.79,76.18,33.98,74.75,36.40,73.71,38.22,74.77,42.17,74.08,46.15,74.86,50.40,76.88,52.34,79.22,55.17,80.92,59.80,83.24,61.59,85.42,58.97;.mob Volchan",,,,,,,,,,,,,,,,
Hematos,Burning Steppes,60,Rare Elite,Dragon,Fast Patrol,Roaming elite,".line Burning Steppes,16.40,54.96,17.51,53.22,17.88,51.09,17.74,48.30,18.44,46.04,19.93,46.60,21.42,48.65,23.18,49.50,25.11,49.82,26.94,51.35,27.47,52.42,30.70,54.19,32.98,55.00,32.06,58.18,29.46,60.50,27.59,61.17,25.90,60.80,24.31,59.25,22.03,59.88,20.95,59.30,18.99,59.30,17.93,58.71,17.12,56.61,17.06,54.63;.mob Hematos",,,,,,,,,,,,,,,,
Teremus the Devourer,Blasted Lands,60,Rare Elite,Dragon,Fast Patrol,Roaming elite,".line Badlands,45.37,23.42,46.53,21.52,48.73,22.21,51.81,25.45,53.10,27.52,54.07,27.65,56.10,31.05,57.64,34.56,60.06,36.28,61.54,38.09,63.00,36.07,63.54,35.33,63.94,33.29,63.50,31.20,62.90,30.44,61.31,28.62,60.81,27.30,60.31,26.53,58.54,27.84,57.51,28.33,56.94,29.23,56.55,31.32,55.87,34.38,53.27,36.70,50.95,37.33,47.13,38.89,45.42,43.43,46.54,47.86,48.97,51.64,50.16,50.91,51.26,50.03,53.13,49.22,55.34,46.61,56.65,44.70,56.34,42.17,54.60,39.66,51.48,37.97,48.89,35.65,56.80,35.26,44.72,33.72,44.39,30.60,44.47,26.38,45.37,23.42;.mob Teremus the Devourer",,,,,,,,,,,,,,,,
Helboar,Blasted Lands,52-53,Normal,Beast,Idle,"Fire Nova and Charge, high burst",".pin Blasted Lands,44.6,32.4;.pin Blasted Lands,46.0,40.8;.pin Blasted Lands,48.0,34.4;.pin Blasted Lands,53.6,36.2;.pin Blasted Lands,54.8,44.8;.pin Blasted Lands,51.4,39.6;.pin Blasted Lands,46.6,48.2;.pin Blasted Lands,45.6,62.2;.pin Blasted Lands,51.6,55.0;.mob Helboar",,,,,,,,,,,,,,,,
Black Slayer,Blasted Lands,46-48,Normal,Beast,Idle,Executes,".pin Blasted Lands,46.8,19.6;.pin Blasted Lands,50.6,17.4;.pin Blasted Lands,62.6,26.6;.pin Blasted Lands,56.6,37.8;.pin Blasted Lands,55.6,44.4;.mob Black Slayer",,,,,,,,,,,,,,,,
Thunderstomp Stegodon,Un’Goro Crater,54-55,Elite,Beast,Idle,"Thunderclaps, has 5 sec stun",".pin Un'Goro Crater,26.0,54.6;.pin Un'Goro Crater,27.4,63.4;.pin Un'Goro Crater,30.8,70.2;.pin Un'Goro Crater,35.6,75.8;.pin Un'Goro Crater,40.8,77.8;.pin Un'Goro Crater,39.2,70.8;.pin Un'Goro Crater,35.2,68.4;.pin Un'Goro Crater,31.4,64.0;.pin Un'Goro Crater,37.0,61.4;.pin Un'Goro Crater,40.0,67.2;.mob Thunderstomp Stegodon",,,,,,,,,,,,,,,,
Stegodon,Un’Goro Crater,53-53,Elite,Beast,Idle,"Charges, has 5 sec stun",".pin Un'Goro Crater,26.0,54.6;.pin Un'Goro Crater,27.4,63.4;.pin Un'Goro Crater,30.8,70.2;.pin Un'Goro Crater,35.6,75.8;.pin Un'Goro Crater,40.8,77.8;.pin Un'Goro Crater,39.2,70.8;.pin Un'Goro Crater,35.2,68.4;.pin Un'Goro Crater,31.4,64.0;.pin Un'Goro Crater,37.0,61.4;.pin Un'Goro Crater,40.0,67.2;.mob Stegodon",,,,,,,,,,,,,,,,
Spiked Stegodon,Un’Goro Crater,53-54,Elite,Beast,Idle,"Passive thorns, 5 sec stun",".pin Un'Goro Crater,26.0,54.6;.pin Un'Goro Crater,27.4,63.4;.pin Un'Goro Crater,30.8,70.2;.pin Un'Goro Crater,35.6,75.8;.pin Un'Goro Crater,40.8,77.8;.pin Un'Goro Crater,39.2,70.8;.pin Un'Goro Crater,35.2,68.4;.pin Un'Goro Crater,31.4,64.0;.pin Un'Goro Crater,37.0,61.4;.pin Un'Goro Crater,40.0,67.2;.mob Spiked Stegodon",,,,,,,,,,,,,,,,
Plated Stegodon,Un’Goro Crater,52-54,Elite,Beast,Idle,"High armor, 5 sec stun",".pin Un'Goro Crater,26.0,54.6;.pin Un'Goro Crater,27.4,63.4;.pin Un'Goro Crater,30.8,70.2;.pin Un'Goro Crater,35.6,75.8;.pin Un'Goro Crater,40.8,77.8;.pin Un'Goro Crater,39.2,70.8;.pin Un'Goro Crater,35.2,68.4;.pin Un'Goro Crater,31.4,64.0;.pin Un'Goro Crater,37.0,61.4;.pin Un'Goro Crater,40.0,67.2;.mob Plated Stegodon",,,,,,,,,,,,,,,,
King Mosh,Un’Goro Crater,60,Rare Elite,Beast,Idle,"RECKLESSNESS, Aoe fear, aoe damage, bleed",".pin Un'Goro Crater,29.04,36.41;.mob King Mosh",,,,,,,,,,,,,,,,
Tyrant Devilsaur,Un’Goro Crater,54-55,Elite,Beast,Fast Patrol,Patrols around the zone,".line Un'Goro Crater,57.37,23.89,59.71,28.76,60.41,28.49,63.04,25.96,64.67,26.25,66.24,27.37,67.66,25.84,69.71,26.20,70.35,28.52,70.15,30.43,69.32,30.86,68.58,32.16,67.35,31.50,66.03,31.83,65.66,33.07,65.84,34.85;.mob Tyrant Devilsaur",,,,,,,,,,,,,,,,
Devilsaur,Un’Goro Crater,54-55,Elite,Beast,Fast Patrol,Patrols around the zone,".line Un'Goro Crater,31.29,36.58,32.35,37.27,33.37,38.65,36.55,41.44,37.56,43.66,39.82,55.59,38.72,57.29,39.55,60.15,39.92,61.85,41.70,64.18;.mob Devilsaur",,,,,,,,,,,,,,,,
Devilsaur,Un’Goro Crater,54-55,Elite,Beast,Fast Patrol,Patrols around the zone,".line Un'Goro Crater,62.59,59.21,63.41,59.30,64.01,60.17,64.73,60.23,65.87,59.21,66.89,58.10,69.59,57.31,71.13,51.60,71.77,50.20,72.75,49.60,73.72,49.25,74.33,46.66,75.75,44.95,75.12,43.14,75.28,40.91,74.40,39.86,74.46,38.65,73.69,37.87,74.31,36.36,74.35,33.06;.mob Devilsaur",,,,,,,,,,,,,,,,
Devilsaur,Un’Goro Crater,54-55,Elite,Beast,Fast Patrol,Patrols around the zone,".line Un'Goro Crater,30.15,53.32,30.79,50.89,30.82,49.21,31.10,45.38,31.99,45.33,32.70,43.84,33.13,39.47,34.69,37.35,35.62,37.19,36.54,35.18,36.61,32.96,35.60,31.16,35.71,28.77,34.61,27.52,34.65,22.07;.mob Devilsaur",,,,,,,,,,,,,,,,
Devilsaur,Un’Goro Crater,54-55,Elite,Beast,Fast Patrol,Patrols around the zone,".line Un'Goro Crater,56.55,33.92,55.84,36.22,57.56,40.04,59.44,44.54,56.71,47.42,57.32,52.52,59.83,57.24,59.06,60.14,57.34,63.74,57.65,67.31,59.59,69.83,57.86,73.60,59.04,76.36;.mob Devilsaur",,,,,,,,,,,,,,,,
Ironhide Devilsaur,Un’Goro Crater,54-56,Elite,Beast,Fast Patrol,Patrols around the zone,".line Un'Goro Crater,43.55,80.17,44.51,79.04,44.59,76.94,45.37,74.80,46.51,74.12,46.67,69.68,46.19,68.51,46.03,66.17,47.31,62.85,49.05,61.92,50.93,60.08,52.85,58.94,53.60,59.09,54.56,60.91,54.43,63.34,52.69,65.54,52.51,70.90,53.62,72.82,53.74,73.90;.mob Ironhide Devilsaur",,,,,,,,,,,,,,,,
Gruff,Un’Goro Crater,57,Rare Elite,Beast,Idle,Not sure if he has a short patrol path or not,".pin Un'Goro Crater,31.8,79.6;.pin Un'Goro Crater,31.8,71.4;.pin Un'Goro Crater,35.6,66.0;.pin Un'Goro Crater,37.8,75.6;.mob Gruff",,,,,,,,,,,,,,,,
Blazerunner,Un’Goro Crater,56,Elite,Elemental,Idle,"Huge knockback, painful fire AoE if quest item unused",".pin Un'Goro Crater,49.2,49.0;.mob Blazrunner",,,,,,,,,,,,,,,,
Baron Charr,Un’Goro Crater,58,Elite,Elemental,Slow Patrol,"Elite with adds, patrols around Fire Plume Ridge",".line Un'Goro Crater,55.02,40.84,54.29,40.75,53.28,41.54,52.65,41.77,51.70,41.34,50.05,42.04,49.23,42.24,48.02,42.91,47.14,42.84,46.09,43.57,45.44,44.52,45.17,44.95,44.78,45.01,43.95,46.91,43.63,47.90,43.75,48.69,44.74,50.26,45.17,51.17,45.28,52.03,45.16,52.94,44.94,53.96,45.35,54.76,46.47,55.67,47.50,56.45,48.12,56.63,49.77,56.87,50.56,56.58,51.31,55.97,52.23,56.30,53.09,57.13,54.92,58.05,55.81,57.13,56.31,56.34,56.37,55.16,56.11,53.17,56.06,51.16,56.71,45.98,56.70,44.36,56.43,42.59,55.89,41.82,55.02,40.84;.mob Baron Charr",,,,,,,,,,,,,,,,
Spirit of Trey Lightforge,Felwood,53,Elite,Humanoid,Idle,"Spawns at the end of Rescue from Jaedenar, doable but maybe instructions needed",".pin Felwood,35.6,59.0;.mob Spirit of Trey Lightforge",,,,,,,,,,,,,,,,
Infernal Bodyguard,Felwood,53-54,Elite,Elemental,Idle,Big knockback,".pin Felwood,39.2,43.4;.pin Felwood,39.0,37.8;.pin Felwood,41.8,38.2;.pin Felwood,42.6,43.6;.pin Felwood,44.6,43.0;.pin Felwood,46.6,40.2;.pin Felwood,45.6,37.0;.pin Felwood,48.6,37.2;.pin Felwood,44.4,47.0;.mob Infernal Bodyguard",,,,,,,,,,,,,,,,
Jadefire Shadowstalker,Felwood,51-52,Normal,Demon,Idle,Stealth mobs with fire shield/thorns,".pin Felwood,32.2,66.0;.pin Felwood,33.6,66.6;.pin Felwood,36.4,66.8;.pin Felwood,37.6,66.6;.pin Felwood,38.4,69.6;.mob Jadefire Shadowstalker",,,,,,,,,,,,,,,,
Dessecus,Felwood,56,Rare Elite,Elemental,Idle,Basic elite. Has a lightning cloud,".pin Felwood,58.2,17.8;.mob Dessecus",,,,,,,,,,,,,,,,
Immolatus,Felwood,56,Rare Elite,Demon,Slow Patrol,Big knockback,".line Felwood,43.58,37.98,44.28,38.39,45.41,38.11,46.07,39.25,45.62,40.58,45.53,42.01,44.47,42.77,43.72,42.87;.mob Immolatus",,,,,,,,,,,,,,,,
Lord Banehollow,Felwood,59,Elite,Demon,Idle,"Curse of Thorns, Shadow Shock (instant, high damage)",".pin Felwood,36.0,44.6;.mob Lord Banehollow",,,,,,,,,,,,,,,,
Jadefire Trickster,Felwood,51-52,Normal,Demon,Idle,Mind controls 2+ targets,".pin Felwood,32.2,66.0;.pin Felwood,33.6,66.6;.pin Felwood,36.4,66.8;.pin Felwood,37.6,66.6;.pin Felwood,38.4,69.6;.mob Jadefire Trickster",,,,,,,,,,,,,,,,
Salia,Felwood,54,Normal,Demon,Idle,Mind controls 2+ targets,".pin Felwood,39.6,47.0;.mob Salia",,,,,,,,,,,,,,,,
Blood Elf Surveyor,Azshara,51-52,Normal,Humanoid,Idle,Large aggro radius,".pin Azshara,55.2,26.4;.pin Azshara,56.2,29.8;.pin Azshara,58.2,30.8;.pin Azshara,59.2,29.6;.pin Azshara,56.6,28.8;.pin Azshara,57.8,26.4;.mob Blood Elf Surveyor",,,,,,,,,,,,,,,,
Blood Elf Reclaimer,Azshara,52-53,Normal,Humanoid,Idle,Large aggro radius,".pin Azshara,55.2,26.4;.pin Azshara,56.2,29.8;.pin Azshara,58.2,30.8;.pin Azshara,59.2,29.6;.pin Azshara,56.6,28.8;.pin Azshara,57.8,26.4;.mob Blood Elf Reclaimer",,,,,,,,,,,,,,,,
Cliff Walker,Azshara,52-53,Elite,Giant,Idle,"Basic elite, nothing special",".pin Azshara,57.2,79.0;.pin Azshara,52.6,81.4;.pin Azshara,49.8,77.6;.pin Azshara,46.2,83.4;.pin Azshara,45.8,75.0;.pin Azshara,70.8,23.6;.pin Azshara,70.4,12.8;.pin Azshara,77.2,18.8;.mob Cliff Walker",,,,,,,,,,,,,,,,
Cliff Thunderer,Azshara,53-54,Elite,Giant,Idle,"Basic elite, nothing special",".pin Azshara,57.2,79.0;.pin Azshara,52.6,81.4;.pin Azshara,49.8,77.6;.pin Azshara,46.2,83.4;.pin Azshara,45.8,75.0;.pin Azshara,70.8,23.6;.pin Azshara,70.4,12.8;.pin Azshara,77.2,18.8;.mob Cliff Thunderer",,,,,,,,,,,,,,,,
Servant of Arkkoroc,Azshara,53-54,Elite,Giant,Idle,"Basic elite, nothing special",".pin Azshara,70.4,35.8;.pin Azshara,62.6,37.4;.pin Azshara,56.2,42.0;.pin Azshara,53.0,50.2;.pin Azshara,54.0,60.4;.pin Azshara,59.4,68.2;.pin Azshara,65.2,70.6;.pin Azshara,72.2,71.8;.pin Azshara,77.8,70.4;.pin Azshara,77.6,59.8;.pin Azshara,76.0,48.4;.pin Azshara,66.4,46.8;.pin Azshara,61.6,56.2;.pin Azshara,67.4,61.6;.pin Azshara,69.4,53.8;.mob Servant of Arkkoroc",,,,,,,,,,,,,,,,
Monnos the Elder,Azshara,53,Rare Elite,Elemental,Slow Patrol,Has a huge knockback and a high-damage 5 sec aoe stun,".line Azshara,76.20,20.69,76.27,21.13,76.11,23.40,75.67,24.39,74.56,24.91,74.23,25.09,73.82,24.61,73.71,23.88,72.97,23.43,72.26,23.47,71.76,23.33,71.28,22.53,71.06,21.45,71.23,19.97,71.55,19.65,72.04,19.91,72.59,20.94,73.14,21.41,73.52,21.32,74.04,20.21,74.60,19.72,75.22,19.69,75.69,18.53,76.36,18.01,77.01,17.16,78.01,17.28,79.03,18.19,79.31,18.45,80.57,18.52,81.01,18.70,81.55,18.50,81.98,17.89;.mob Monnos the Elder",,,,,,,,,,,,,,,,
Cliff Breaker,Azshara,53-54,Elite,Giant,Idle,Instant-casts Cripple,".pin Azshara,57.2,79.0;.pin Azshara,52.6,81.4;.pin Azshara,49.8,77.6;.pin Azshara,46.2,83.4;.pin Azshara,45.8,75.0;.pin Azshara,70.8,23.6;.pin Azshara,70.4,12.8;.pin Azshara,77.2,18.8;.mob Cliff Breaker",,,,,,,,,,,,,,,,
Son of Arkkoroc,Azshara,54-44,Elite,Giant,Idle,"Basic elite, nothing special",".pin Azshara,70.4,35.8;.pin Azshara,62.6,37.4;.pin Azshara,56.2,42.0;.pin Azshara,53.0,50.2;.pin Azshara,54.0,60.4;.pin Azshara,59.4,68.2;.pin Azshara,65.2,70.6;.pin Azshara,72.2,71.8;.pin Azshara,77.8,70.4;.pin Azshara,77.6,59.8;.pin Azshara,76.0,48.4;.pin Azshara,66.4,46.8;.pin Azshara,61.6,56.2;.pin Azshara,67.4,61.6;.pin Azshara,69.4,53.8;.mob Son of Arkkoroc",,,,,,,,,,,,,,,,
Thundering Invader,Azshara,55-57,Normal,Elemental,Idle,Invasion mobs,".pin Azshara,72.8,22;.pin Azshara,73.0,16.8;.pin Azshara,74.18,21.2;.pin Azshara,78.0,26.2;.pin Azshara,81.6,22.4;.pin Azshara,82.6,17.8;.pin Azshara,77.0,15.8;.mob Thundering Invader",,,,,,,,,,,,,,,,
Thunderhead Hippogryph,Azshara,46-54,Normal,Beast,Idle,High burst damage,".pin Azshara,18.6,64.4;.pin Azshara,18.6,58.8;.pin Azshara,20.8,57.4;.pin Azshara,18.0,54.4;.pin Azshara,16.0,49.6;.mob Thunderhead Hippogryph",,,,,,,,,,,,,,,,
Brumeran,Winterspring,58,Elite,Beast,Slow Patrol,,".line Winterspring,54.74,45.75,54.98,46.46,55.00,47.48,55.34,48.57,56.01,48.99,56.25,50.01,56.37,50.93,56.60,52.04,56.93,52.43,57.19,52.90,57.85,53.42,58.33,53.96,58.66,54.20,59.56,54.60,60.58,55.48,61.55,56.52,62.23,56.86,62.55,57.91,61.88,59.55,61.42,60.12,60.93,60.42,60.51,61.04,59.98,61.46,59.53,61.60,58.89,62.24,58.84,62.86;.mob Brumeran",,,,,,,,,,,,,,,,
Azurous,Winterspring,59,Rare Elite,Dragon,Slow Patrol,,".line Winterspring,54.54,45.52,54.79,45.82,54.96,46.67,55.00,47.49,55.21,48.01,55.42,48.03,55.68,47.58,55.84,46.81,55.89,46.33,56.10,45.97,56.55,45.85,56.99,45.83,57.34,45.26,57.59,44.47,57.84,44.01,58.27,43.79,58.72,44.01,59.28,43.84,59.82,42.37,60.13,41.83,61.16,41.41,61.52,41.23,62.04,41.19,62.46,41.39,62.94,41.89,63.46,41.85,63.83,41.67,64.01,41.68,64.28,42.30,64.66,42.77,65.07,42.95,65.51,43.33,65.88,43.74,66.24,44.28,66.56,44.90,66.61,45.65,66.62,47.67,66.63,48.77,66.87,49.68,66.35,51.25,66.26,52.16,66.80,53.98;.mob Azurous",,,,,,,,,,,,,,,,
Berserk Owlbeast,Winterspring,58-59,Normal,Humanoid,Idle,Enrages at low hp in dense areas,".pin Winterspring,63.6,16.2;.pin Winterspring,66.0,18.6;.pin Winterspring,66.6,22.8;.pin Winterspring,63.6,22.4;.pin Winterspring,59.6,59.8;.pin Winterspring,64.2,59.2;.pin Winterspring,66.6,60.0;.pin Winterspring,65.2,64.0;.pin Winterspring,65.2,61.8;.mob Berserk Owlbeast",,,,,,,,,,,,,,,,
Princess Tempestria,Winterspring,60,Elite,Elemental,Slow Patrol,"Knockback, immune to banish, patrols with group",".line Winterspring,54.18,43.11,54.79,42.41,54.94,42.04,54.83,41.57,54.54,41.03,53.82,40.79,52.37,42.05,51.84,42.21,51.47,42.77,51.80,43.37,52.21,43.67,54.18,43.11;.mob Princess Tempestria",,,,,,,,,,,,,,,,
Watery Invader,Winterspring,56-58,Normal,Elemental,Idle,~600 damage frost shock,".pin Winterspring,52.0,39.6;.pin Winterspring,51.4,43.4;.pin Winterspring,54.6,43.6;.pin Winterspring,54.8,39.4;.pin Winterspring,53.4,41.2;.mob Watery Invader",,,,,,,,,,,,,,,,
Krellack,Silithus,56,Rare,Beast,Idle,"""fatal sting"" is an execute with a dot effect",".pin Silithus,65.80,30.32;.mob Krellack",,,,,,,,,,,,,,,,
Rex Ashil,Silithus,57,Rare Elite,Beast,Slow Patrol,-75% armor debuff,".line Silithus,46.39,22.42,46.77,22.19,46.96,23.19,47.40,23.84,48.01,24.22,48.10,24.87,47.44,25.70,47.43,26.41,47.66,26.81,47.41,27.51,46.83,27.18,46.25,27.81,46.11,28.15,46.25,28.68,46.05,28.95,45.64,28.97;.mob Rex Ashil",,,,,,,,,,,,,,,,
Deathclasp,Silithus,59,Elite,Beast,Idle,"8 second stun (poison, no dot)",".pin Silithus,44.03,90.28;.mob Deathclasp",,,,,,,,,,,,,,,,
Zora,Silithus,59,Rare Elite,Beast,Idle,Patrols around many adds,".pin Silithus,18.2,69.6;.pin Silithus,20.0,65.4;.pin Silithus,19.2,56.2;.pin Silithus,21.0,58.8;.pin Silithus,23.6,62.6;.pin Silithus,24.0,71.2;.pin Silithus,26.6,58.8;.pin Silithus,26.6,56.4;.mob Zora",,,,,,,,,,,,,,,,
Twilight Keeper Mayna,Silithus,60,Normal,Humanoid,Slow Patrol,"Fear, dot, mind flay in crowded camp",".line Silithus,27.04,35.62,26.72,35.85,26.53,36.18,26.45,36.55,26.06,37.09;.mob Twilight Keeper Mayna",,,,,,,,,,,,,,,,
The Windreaver,Silithus,60,Elite,Elemental,Slow Patrol,"Many adds; chain lightning, shock, lightning cloud, cyclone",".line Silithus,24.49,28.14,23.77,27.52,23.07,27.69,22.19,28.42,21.08,28.95,20.20,29.03,19.56,28.59,19.11,27.40,18.92,26.32,18.31,23.16,18.81,22.10,19.74,21.84,20.48,22.26,21.00,24.14,21.11,25.10,21.36,25.91,21.94,26.68,23.76,27.37,24.93,27.86,25.64,27.88,26.90,26.85,27.75,26.62,28.59,26.25,29.38,25.34,29.58,24.44,29.62,23.56,29.52,21.89,29.77,20.09,29.67,18.65,29.49,17.70,29.03,16.72,28.94,15.60,29.28,14.98,30.02,14.83,30.48,14.83,32.16,14.35,32.96,14.45,33.55,15.25,33.61,16.41,33.10,18.01,32.16,19.34,31.66,20.49,31.01,21.23,29.76,26.12,28.62,28.47,27.95,29.22,27.44,29.57,26.69,29.50,24.99,28.56,24.49,28.14;.mob The Windreaver",,,,,,,,,,,,,,,,
Twilight Prophet,Silithus,60,Elite,Humanoid,Slow Patrol,"Multiple adds; fire nova, frost nova, chain lightning, fear",".line Silithus,20.00,83.28,22.00,79.02,25.23,77.02,25.82,75.72,26.51,75.19,27.31,74.15,27.37,72.44,26.91,71.37,25.69,70.84,24.93,69.98,23.95,69.24,23.47,68.65,23.16,68.66,22.86,68.52;.mob Twilight Prophet",,,,,,,,,,,,,,,,
Twilight Marauder Morna,Silithus,60,Elite,Humanoid,Slow Patrol,Has 4 adds; mortal strikes and piercing howls,".line Silithus,52.35,11.78,52.94,14.46,55.73,17.11,58.41,20.25,60.31,23.07,63.43,27.06,63.35,30.35,71.46,35.72,72.84,37.69,72.09,39.87,70.25,42.40,68.64,45.43,65.44,46.71,63.89,47.98,63.38,50.82,61.29,53.70,60.40,55.68,59.69,56.33,58.17,58.60,56.24,62.76,50.85,66.67,49.42,69.19,37.12,84.28,34.63,84.32,30.18,88.44,30.11,89.76,29.05,93.14,28.92,95.64;.mob Twilight Marauder Morna",,,,,,,,,,,,,,,,
Lapress,Silithus,60,Rare Elite,Beast,Slow Patrol,Patrols around many adds,".line Silithus,53.62,71.45,54.32,72.97,55.26,72.34,55.78,71.57,57.79,72.33,58.59,72.01,59.13,71.83,59.06,73.16,58.14,74.38,56.63,75.37,55.94,74.85,55.17,75.03,54.26,75.62,52.08,75.65,51.53,76.53,51.63,77.70,52.24,78.70,54.02,78.93,54.51,78.05,55.08,77.41,56.37,77.13,57.07,76.16,58.23,76.49,58.98,76.06,60.62,75.76,60.70,77.18,60.18,78.22,59.70,78.68,58.83,78.27,57.94,78.32,57.31,78.78,57.09,79.89,56.38,77.10,57.06,76.14,58.32,76.49,59.08,76.01,60.61,75.76,60.69,77.32,59.94,78.58,59.58,78.67,58.82,78.27,57.95,78.32,57.26,78.83,57.07,79.93,56.25,80.46,56.20,81.38,54.48,81.52,53.65,81.26,53.03,80.18,52.26,79.94,51.51,79.81,51.32,81.48,51.47,83.31,52.41,82.66,54.33,83.12,54.62,84.08,54.06,85.52,53.83,86.55,53.82,87.80,54.54,88.98,55.31,89.77,56.05,90.31,56.48,90.99,57.35,91.27,58.16,91.51,58.43,91.44,58.92,91.08,59.10,90.24,60.16,87.53,60.54,87.50,61.27,85.15,61.52,83.93,61.00,83.46,60.84,81.40,60.87,79.75,61.07,79.16,61.78,78.48,62.38,78.26,62.91,78.78,64.60,80.16,64.85,81.57,64.43,82.79,63.78,83.84,61.92,85.70,61.79,87.60,62.53,88.52,63.04,89.85,62.92,91.19,63.08,92.97,62.97,93.80;.mob Lapress",,,,,,,,,,,,,,,,
Mistress Natalia Maralith,Silithus,62,Elite,Humanoid,Idle,"Mind controls even if solo, then heals to full via reset (drags MCed players into many mobs deep in the cave)",".pin Silithus,51.8,99.4;.pin Silithus,53.6,98.0;.pin Silithus,53.8,95.2;.pin Silithus,52.6,91.6;.pin Silithus,52.2,89.8;.pin Silithus,53.8,88.2;.pin Silithus,55.8,87.2;.mob Mistress Natalia Maralith",,,,,,,,,,,,,,,,
Tortured Druid,Silithus,55-56,Normal,Undead,Idle,summons 2-3 silithid near death,".pin Silithus,66.0,49.6;.pin Silithus,63.8,47.2;.pin Silithus,60.8,49.6;.pin Silithus,58.6,52.6;.pin Silithus,58.8,55.8;.pin Silithus,61.6,58.4;.pin Silithus,65.0,58.4;.pin Silithus,61.6,54.0;.pin Silithus,62.8,15.8;.mob Tortured Druid",,,,,,,,,,,,,,,,
Tortured Sentinel,Silithus,55-56,Normal,Undead,Idle,summons 2-3 silithid near death,".pin Silithus,66.0,49.6;.pin Silithus,63.8,47.2;.pin Silithus,60.8,49.6;.pin Silithus,58.6,52.6;.pin Silithus,58.8,55.8;.pin Silithus,61.6,58.4;.pin Silithus,65.0,58.4;.pin Silithus,61.6,54.0;.pin Silithus,62.8,15.8;.mob Tortured Sentinel",,,,,,,,,,,,,,,,
Hive'Ashi Ambusher,Silithus,56-57,Normal,Uncategorized,Idle,3-4 spawn upon entering/ascending the village tower,".pin Silithus,60.2,52.6;.mob Hive'Ashi Ambusher",,,,,,,,,,,,,,,,
Foulmane,Western Plaguelands,52,Rare,Undead,Slow Patrol,"physical damage taken debuff, thrashes, bleeds",".line Western Plaguelands,45.69,52.34,45.75,51.39,46.20,51.03,46.64,51.29,46.72,51.95,46.36,52.37,45.69,52.34;.mob Foulmane",,,,,,,,,,,,,,,,
Cauldron Lord Bilemaw,Western Plaguelands,53,Normal,Undead,Idle,spawns/aggros as soon as player/a pet gets near the cauldron,".pin Western Plaguelands,36.8,57.2;.mob Cauldron Lord Bilemaw",,,,,,,,,,,,,,,,
Cauldron Lord Malvinious,Western Plaguelands,55,Normal,Undead,Idle,spawns/aggros as soon as player/a pet gets near the cauldron,".pin Western Plaguelands,46.2,52.6;.mob Cauldron Lord Malvinious",,,,,,,,,,,,,,,,
Lord Maldazzar,Western Plaguelands,56,Rare,Humanoid,Idle,"Summons adds, high damage output",".pin Western Plaguelands,48.2,81.0;.pin Western Plaguelands,48.2,78.6;.pin Western Plaguelands,49.6,82.4;.pin Western Plaguelands,49.8,78.6;.pin Western Plaguelands,50.6,75.4;.pin Western Plaguelands,54.6,79.8;.mob Lord Maldazzar",,,,,,,,,,,,,,,,
Cauldron Lord Razarch,Western Plaguelands,56,Normal,Undead,Idle,spawns/aggros as soon as player/a pet gets near the cauldron,".pin Western Plaguelands,52.8,66.0;.mob Cauldron Lord Razarch",,,,,,,,,,,,,,,,
Cavalier Durgen,Western Plaguelands,57,Normal,Humanoid,Slow Patrol,"Pats up and down the stairs, has a long HoJ",".line Western Plaguelands,54.39,23.70,54.58,23.55,54.63,23.02,54.97,22.70,55.33,22.89,55.43,23.21,55.40,23.75,55.16,24.07,54.82,24.03,54.65,23.83,54.53,24.03,54.67,23.68,54.77,23.60,54.81,23.23,55.12,23.08,55.24,23.38,55.15,23.67,54.90,23.68;.mob Cavalier Durgen",,,,,,,,,,,,,,,,
Cauldron Lord Soulwrath,Western Plaguelands,58,Normal,Undead,Idle,spawns/aggros as soon as player/a pet gets near the cauldron,".pin Western Plaguelands,62.6,59.0;.mob Cauldron Lord Soulwrath",,,,,,,,,,,,,,,,
Scarlet Judge,Western Plaguelands,60,Rare,Humanoid,Idle,Long stun in area full of elites/pats,".pin Western Plaguelands,42.6,18.6;.mob Scarlet Judge",,,,,,,,,,,,,,,,
Spectral Attendant,Western Plaguelands,60,Normal,Undead,Idle,"inflicts the ""cripple"" debuff",".pin Western Plaguelands,45.6,69.2;.mob Spectral Attendant",,,,,,,,,,,,,,,,
Crimson Elite,Western Plaguelands,60,Elite,Humanoid,Idle,Lingers if not slain during In Dreams,".pin Western Plaguelands,53.8,24.6;.mob Crimson Elite",,,,,,,,,,,,,,,,
Scarlet Executioner,Western Plaguelands,60,Rare Elite,Humanoid,Fast Patrol,"Enrages, high level, runs up/down the tower stairs",".line Western Plaguelands,45.78,18.66,45.99,18.62,45.88,18.90,45.63,18.87,45.53,18.53,45.66,18.28,45.91,18.36,45.95,18.64,45.82,18.89,45.65,18.78,45.60,18.52,45.76,18.37,45.82,18.45,45.70,18.80,45.60,18.58,45.69,18.36,45.91,18.44,45.92,18.75,45.81,18.85,45.70,18.80;.mob Scarlet Executioner",,,,,,,,,,,,,,,,
Scarlet Interrogator,Western Plaguelands,61,Rare Elite,Humanoid,Idle,"Hits for 500-600, can social aggro easily",".pin Western Plaguelands,44.4,14.8;.mob Scarlet Interrogator",,,,,,,,,,,,,,,,
Araj the Summoner,Western Plaguelands,61,Elite,Undead,Idle,"frostbolts hit hard, has lots of hp, and pulls with many mobs",".pin Western Plaguelands,45.6,69.2;.mob Araj the Summoner",,,,,,,,,,,,,,,,
High Protector Lorik,Western Plaguelands,61,Elite,Humanoid,Slow Patrol,"Hits hard, divine shields, heals, and has a ~20yd knockback/shock",".line Western Plaguelands,44.95,17.71,44.53,17.63,44.27,18.14,44.30,18.64,44.27,19.08,43.38,17.76,43.18,17.73,43.39,15.92,42.94,15.54,43.41,15.90,44.09,15.79,44.35,16.31,44.05,15.64,43.98,15.08,44.12,14.60,43.85,14.22,43.82,13.76,43.98,13.67,43.82,13.76,43.85,14.22,44.15,14.51,45.49,14.46,45.41,13.78,45.56,13.19,45.44,13.68,45.60,14.62,45.82,14.89,46.10,14.91,46.08,15.23,46.69,16.21,46.65,16.68,46.65,17.67,46.32,17.21,47.00,18.15,47.40,18.93,47.44,19.35,47.24,20.52,46.26,21.23,45.93,21.05,45.00,20.00,44.08,20.01,45.00,20.00,44.47,19.25,44.29,18.67,44.26,18.15,44.55,17.68,44.70,17.58,44.95,17.71;.mob High Protector Lorik",,,,,,,,,,,,,,,,
Foreman Jerris,Western Plaguelands,62,Rare Elite,Humanoid,Idle,Stuns and thrashes,".pin Western Plaguelands,45.45,9.38;.mob Foreman Jerris",,,,,,,,,,,,,,,,
Scarlet High Clerist,Western Plaguelands,63,Rare Elite,Humanoid,Idle,"Big heal, often pulls with adds",".pin Western Plaguelands,55.0,23.6;.mob Scarlet High Clerist",,,,,,,,,,,,,,,,
Skeletal Flayer,Western Plaguelands,50-51,Normal,Undead,Idle,Thrashes,".pin Western Plaguelands,48.2,81.0;.pin Western Plaguelands,48.2,78.6;.pin Western Plaguelands,49.6,82.4;.pin Western Plaguelands,49.8,78.6;.pin Western Plaguelands,50.6,75.4;.pin Western Plaguelands,54.6,79.8;.pin Western Plaguelands,36.2,57.4;.pin Western Plaguelands,37.6,59.6;.pin Western Plaguelands,37.4,55.2;.pin Western Plaguelands,38.6,57.4;.pin Western Plaguelands,38.6,53.4;.mob Skeletal Flayer",,,,,,,,,,,,,,,,
Skeletal Terror,Western Plaguelands,52-54,Normal,Undead,Idle,fears in a crowded area,".pin Western Plaguelands,44.8,52.2;.pin Western Plaguelands,46.6,51.6;.pin Western Plaguelands,47.4,49.2;.mob Skeletal Terror",,,,,,,,,,,,,,,,
Skeletal Executioner,Western Plaguelands,54-55,Normal,Undead,Idle,Executes,".pin Western Plaguelands,39.6,70.4;.pin Western Plaguelands,41.2,67.4;.pin Western Plaguelands,45.0,65.4;.pin Western Plaguelands,49.4,65.8;.pin Western Plaguelands,48.4,71.8;.pin Western Plaguelands,44.4,72.6;.pin Western Plaguelands,41.0,70.6;.pin Western Plaguelands,44.6,68.6;.pin Western Plaguelands,41.8,68.2;.mob Skeletal Executioner",,,,,,,,,,,,,,,,
Freezing Ghoul,Western Plaguelands,55-56,Normal,Undead,Idle,Has a 5 second stun,".pin Western Plaguelands,52.4,63.0;.pin Western Plaguelands,53.6,64.6;.pin Western Plaguelands,52.0,66.6;.pin Western Plaguelands,53.6,67.6;.mob Freezing Ghoul",,,,,,,,,,,,,,,,
Scarlet Paladin,Western Plaguelands,55-56,Elite,Humanoid,Idle,Standard elite mob,".pin Western Plaguelands,42.6,18.6;.pin Western Plaguelands,42.0,15.6;.pin Western Plaguelands,44.8,16.4;.pin Western Plaguelands,47.2,20.2;.mob Scarlet Paladin",,,,,,,,,,,,,,,,
Scarlet Sentinel,Western Plaguelands,55-56,Elite,Humanoid,Idle,"Sees through talented stealth, and has overpower",".pin Western Plaguelands,42.6,18.6;.pin Western Plaguelands,42.0,15.6;.pin Western Plaguelands,44.8,16.4;.pin Western Plaguelands,47.2,20.2;.pin Western Plaguelands,48.8,22.2;.mob Scarlet Sentinel",,,,,,,,,,,,,,,,
Scarlet Priest,Western Plaguelands,55-57,Elite,Humanoid,Idle,Standard elite mob with a big heal,".pin Western Plaguelands,43.2,20.8;.pin Western Plaguelands,47.0,20.2;.pin Western Plaguelands,47.6,16.8;.mob Scarlet Priest",,,,,,,,,,,,,,,,
Scarlet Avenger,Western Plaguelands,56-57,Normal,Humanoid,Idle,Thrashes,".pin Western Plaguelands,53.2,37.4;.pin Western Plaguelands,54.6,34.0;.pin Western Plaguelands,57.2,35.6;.pin Western Plaguelands,54.6,23.8;.mob Scarlet Avenger",,,,,,,,,,,,,,,,
Scarlet Magus,Western Plaguelands,56-57,Elite,Humanoid,Idle,Standard elite mob; has fire ward,".pin Western Plaguelands,44.80,15.58;.mob Scarlet Magus",,,,,,,,,,,,,,,,
Skeletal Warlord,Western Plaguelands,56-57,Elite,Undead,Idle,mortal strikes and stuns in a busy area,".pin Western Plaguelands,44.26,63.23;.pin Western Plaguelands,42.36,66.18;.pin Western Plaguelands,40.07,71.64;.pin Western Plaguelands,46.62,71.12;.mob Skeletal Warlord",,,,,,,,,,,,,,,,
Flesh Golem,Western Plaguelands,56-57,Elite,Undead,Idle,"Sometimes patrolling, has a knockback",".pin Western Plaguelands,39.6,70.4;.pin Western Plaguelands,41.2,67.4;.pin Western Plaguelands,45.0,65.4;.pin Western Plaguelands,49.4,65.8;.pin Western Plaguelands,48.4,71.8;.pin Western Plaguelands,44.4,72.6;.pin Western Plaguelands,41.0,70.6;.pin Western Plaguelands,44.6,68.6;.pin Western Plaguelands,41.8,68.2;.mob Flesh Golem",,,,,,,,,,,,,,,,
Scarlet Spellbinder,Western Plaguelands,57-58,Normal,Humanoid,Idle,Frost Novas in busy area with a few pats/elites,".pin Western Plaguelands,55.0,23.4;.mob Scarlet Spellbinder",,,,,,,,,,,,,,,,
Haunting Vision,Western Plaguelands,57-58,Normal,Undead,Idle,"inflicts the ""cripple"" debuff",".pin Western Plaguelands,62.7,58.3;.mob Haunting Vision",,,,,,,,,,,,,,,,
Zaeldarr the Outcast,Eastern Plaguelands,55,Normal,Undead,Idle,Stuns; pulls with other mobs,".pin Eastern Plaguelands,27.4,85.6;.mob Zaeldarr the Outcast",,,,,,,,,,,,,,,,
Mercutio Filthgorger,Eastern Plaguelands,57,Normal,Humanoid,Idle,"Spawns with adds, gouges,lingers if not killed",".pin Eastern Plaguelands,28.6,87.4;.mob Mercutio Filthgorger",,,,,,,,,,,,,,,,
Infiltrator Hameya,Eastern Plaguelands,60,Normal,Undead,Slow Patrol,Patrols around a dozen graves in Zul'Mashar,".line Eastern Plaguelands,70.21,15.85,70.90,16.76,70.89,17.08,70.54,17.64,70.17,17.52,69.73,16.83,69.73,16.48,70.21,15.85;.mob Infiltrator Hameya",,,,,,,,,,,,,,,,
Duskwing,Eastern Plaguelands,60,Elite,Beast,Slow Patrol,Has an AoE silence,".line Eastern Plaguelands,29.15,63.52,29.70,63.68,30.39,63.87,30.98,64.73,31.35,65.88,31.46,66.66,31.52,67.86,30.96,68.97,30.63,70.77,30.47,72.42,30.62,73.50,31.04,74.76,30.81,76.64,32.04,77.09,32.83,76.38,32.71,74.62,32.76,73.48,33.61,72.86,34.12,72.02,34.72,71.36,35.50,70.75,36.31,70.06,36.67,70.44,37.16,71.03,37.29,71.78,37.47,72.01,39.90,71.95,40.35,71.93,40.74,70.83,40.97,69.30,41.81,68.80,42.92,68.44,43.36,68.07,44.40,67.25,45.35,66.76;.mob Duskwing",,,,,,,,,,,,,,,,
Nerubian Overseer,Eastern Plaguelands,60,Elite,Undead,Slow Patrol,Will remain at range if possible; has a web,".line Eastern Plaguelands,19.54,30.97,19.24,31.17,19.01,31.58,18.67,32.87,18.32,33.53,17.84,33.75,17.27,33.59,16.74,33.13,16.12,32.76,15.61,32.53,15.56,31.62,15.66,31.00,15.99,30.26,15.89,29.44,15.53,29.05,15.23,29.51,14.98,30.10,14.68,30.70,14.86,31.50,14.65,31.74,13.82,31.77,13.48,33.16,12.90,33.48,12.48,33.56,12.11,34.26,11.20,34.53,10.49,35.57,10.58,36.51,10.12,37.47,9.41,37.89,8.85,37.74,8.03,38.28,7.96,39.00,8.14,39.51;.mob Nerubian Overseer",,,,,,,,,,,,,,,,
Crimson Courier,Eastern Plaguelands,60,Elite,Humanoid,Slow Patrol,Patrols whole zone with dangerous entourage,".line Eastern Plaguelands,55.06,17.48,30.85,20.06,30.95,21.06,31.04,23.39,31.57,25.91,32.01,26.80,32.95,28.02,33.41,28.57,34.29,29.10,35.77,29.43,37.58,29.43,38.44,28.76,39.11,28.47,39.55,28.59,40.54,29.23,41.29,29.60,42.77,30.54,43.77,31.05,44.70,31.46,45.79,31.82,46.93,32.53,48.82,33.62,49.73,33.94,50.66,34.26,51.76,34.59,53.33,34.90,55.76,35.46,56.51,35.88,57.60,36.74,58.73,37.92,60.50,40.32,62.25,44.52,63.66,48.15,63.82,49.64,63.71,50.72,63.18,51.91,62.64,53.60,62.46,56.39,62.75,58.46,63.22,60.47,63.27,62.14,62.96,63.35,62.31,64.95,60.81,67.20,59.92,68.37,60.83,69.91,62.64,71.40,64.19,73.01,65.20,75.50,65.70,76.12,67.44,77.08,68.39,77.46,69.21,77.87,70.67,78.33,71.62,78.48,72.17,78.84,73.78,80.37,76.54,81.80,77.36,81.79,78.12,81.64,79.23,81.65,80.26,81.73,81.02,81.96,81.11,82.39,81.36,82.76,81.74,82.71,82.05,82.30,82.51,82.43,84.75,83.67,85.55,84.17,86.61,85.06,86.52,85.30,86.93,85.65,87.04,85.36,87.57,85.77;.mob Crimson Courier",,,,,,,,,,,,,,,,
Horgus the Ravager,Eastern Plaguelands,60,Elite,Undead,Idle,"Thrashes, drains HP, lingers after Darrowshire event",".pin Eastern Plaguelands,38.6,89.8;.mob Horgus the Ravager",,,,,,,,,,,,,,,,
Borelgore,Eastern Plaguelands,61,Elite,Beast,Slow Patrol,Kiteable; painful poison dot/aoe if close,".line Eastern Plaguelands,54.48,31.82,55.13,31.80,55.60,31.78,55.86,31.25,56.31,31.15,56.66,31.78,57.17,31.83,57.85,32.03,58.49,32.34,59.34,32.12,59.99,31.95,60.58,31.87,61.13,32.27,61.79,32.98,62.57,33.31,63.17,34.09,63.67,34.56,64.29,34.89;.mob Borelgore",,,,,,,,,,,,,,,,
Demetria,Eastern Plaguelands,61,Elite,Humanoid,Slow Patrol,Quest mob; patrols Stratholme (Live) to Tyr's Hand with 9-10 non-elite bodyguards and lingers if not slain,".line Eastern Plaguelands,55.06,17.48,30.85,20.06,30.95,21.06,31.04,23.39,31.57,25.91,32.01,26.80,32.95,28.02,33.41,28.57,34.29,29.10,35.77,29.43,37.58,29.43,38.44,28.76,39.11,28.47,39.55,28.59,40.54,29.23,41.29,29.60,42.77,30.54,43.77,31.05,44.70,31.46,45.79,31.82,46.93,32.53,48.82,33.62,49.73,33.94,50.66,34.26,51.76,34.59,53.33,34.90,55.76,35.46,56.51,35.88,57.60,36.74,58.73,37.92,60.50,40.32,62.25,44.52,63.66,48.15,63.82,49.64,63.71,50.72,63.18,51.91,62.64,53.60,62.46,56.39,62.75,58.46,63.22,60.47,63.27,62.14,62.96,63.35,62.31,64.95,60.81,67.20,59.92,68.37,60.83,69.91,62.64,71.40,64.19,73.01,65.20,75.50,65.70,76.12,67.44,77.08,68.39,77.46,69.21,77.87,70.67,78.33,71.62,78.48,72.17,78.84,73.78,80.37,76.54,81.80,77.36,81.79,78.12,81.64,79.23,81.65,80.26,81.73,81.02,81.96,81.11,82.39,81.36,82.76,81.74,82.71,82.05,82.30,82.51,82.43,84.75,83.67,85.55,84.17,86.61,85.06,86.52,85.30,86.93,85.65,87.04,85.36,87.57,85.77;.mob Demetria",,,,,,,,,,,,,,,,
Plaguebat,Eastern Plaguelands,53-55,Normal,Beast,Idle,4 sec AoE terrify effect,".pin Eastern Plaguelands,7.6,43.8;.pin Eastern Plaguelands,8.2,50.4;.pin Eastern Plaguelands,11.0,59.6;.pin Eastern Plaguelands,16.6,65.8;.pin Eastern Plaguelands,15.6,78.8;.pin Eastern Plaguelands,21.6,80.8;.pin Eastern Plaguelands,19.8,71.4;.pin Eastern Plaguelands,20.4,66.8;.pin Eastern Plaguelands,22.0,61.4;.pin Eastern Plaguelands,29.2,68.4;.pin Eastern Plaguelands,31.2,64.4;.pin Eastern Plaguelands,32.8,70.8;.pin Eastern Plaguelands,31.6,77.6;.pin Eastern Plaguelands,34.0,81.4;.pin Eastern Plaguelands,42.6,83.4;.pin Eastern Plaguelands,44.2,75.0;.pin Eastern Plaguelands,43.8,66.4;.pin Eastern Plaguelands,48.0,78.4;.pin Eastern Plaguelands,51.4,78.0;.pin Eastern Plaguelands,56.8,75.6;.pin Eastern Plaguelands,57.8,83.8;.pin Eastern Plaguelands,64.0,84.8;.pin Eastern Plaguelands,65.2,77.6;.pin Eastern Plaguelands,70.0,81.6;.pin Eastern Plaguelands,73.6,84.0;.mob Plaguebat",,,,,,,,,,,,,,,,
Unseen Servant,Eastern Plaguelands,55-56,Normal,Undead,Idle,Invisible mob often patting in Corrin's Crossing,".pin Eastern Plaguelands,54.4,62.9;.pin Eastern Plaguelands,56.0,63.4;.pin Eastern Plaguelands,55.7,61.0;.mob Unseen Servant",,,,,,,,,,,,,,,,
Crimson Bodyguard,Eastern Plaguelands,57-58,Elite,Humanoid,Slow Patrol,"Four accompany the Crimson Courier; charges, knocks back, and disarms",".line Eastern Plaguelands,55.06,17.48,30.85,20.06,30.95,21.06,31.04,23.39,31.57,25.91,32.01,26.80,32.95,28.02,33.41,28.57,34.29,29.10,35.77,29.43,37.58,29.43,38.44,28.76,39.11,28.47,39.55,28.59,40.54,29.23,41.29,29.60,42.77,30.54,43.77,31.05,44.70,31.46,45.79,31.82,46.93,32.53,48.82,33.62,49.73,33.94,50.66,34.26,51.76,34.59,53.33,34.90,55.76,35.46,56.51,35.88,57.60,36.74,58.73,37.92,60.50,40.32,62.25,44.52,63.66,48.15,63.82,49.64,63.71,50.72,63.18,51.91,62.64,53.60,62.46,56.39,62.75,58.46,63.22,60.47,63.27,62.14,62.96,63.35,62.31,64.95,60.81,67.20,59.92,68.37,60.83,69.91,62.64,71.40,64.19,73.01,65.20,75.50,65.70,76.12,67.44,77.08,68.39,77.46,69.21,77.87,70.67,78.33,71.62,78.48,72.17,78.84,73.78,80.37,76.54,81.80,77.36,81.79,78.12,81.64,79.23,81.65,80.26,81.73,81.02,81.96,81.11,82.39,81.36,82.76,81.74,82.71,82.05,82.30,82.51,82.43,84.75,83.67,85.55,84.17,86.61,85.06,86.52,85.30,86.93,85.65,87.04,85.36,87.57,85.77;.mob Crimson Bodyguard",,,,,,,,,,,,,,,,
Mossflayer Scout,Eastern Plaguelands,57-58,Normal,Humanoid,Slow Patrol,Immediately runs for help/aggros other mobs,".line Eastern Plaguelands,69.46,19.72,69.83,19.39,70.31,18.60,70.88,18.83,71.69,18.87,71.82,18.39,72.66,18.56;.mob Mossflayer Scout",,,,,,,,,,,,,,,,
Mossflayer Scout,Eastern Plaguelands,57-58,Normal,Humanoid,Slow Patrol,Immediately runs for help/aggros other mobs,".line Eastern Plaguelands,70.07,15.50,69.73,16.16,69.56,17.04,69.11,17.94,68.90,19.82,68.88,20.70;.mob Mossflayer Scout",,,,,,,,,,,,,,,,
Mossflayer Scout,Eastern Plaguelands,57-58,Normal,Humanoid,Slow Patrol,Immediately runs for help/aggros other mobs,".line Eastern Plaguelands,69.30,19.71,68.77,20.12,68.38,21.13,67.08,21.52,66.60,21.41,65.18,21.74,64.78,21.79,64.31,22.10;.mob Mossflayer Scout",,,,,,,,,,,,,,,,
Infected Mossflayer,Eastern Plaguelands,57-58,Normal,Undead,Idle,"Stuns, spawn if player gets near graves",".pin Eastern Plaguelands,69.0,20.4;.pin Eastern Plaguelands,68.4,17.4;.pin Eastern Plaguelands,71.2,15.4;.pin Eastern Plaguelands,70.6,18.8;.pin Eastern Plaguelands,70.2,17.6;.mob Infected Mossflayer",,,,,,,,,,,,,,,,
Unseen,Undercity,49-51,Normal,Undead,Idle,"Invisible mobs in UC courtyard, aggros if AoE'd",".pin Undercity,61.3,7.9;.pin Undercity,71.2,7.1;.pin Undercity,64.8,15.4;.pin Undercity,68.8,14.9;.mob Unseen",,,,,,,,,,,,,,,,
Unseen,Tirisfal Glades,49-51,Normal,Undead,Idle,"Invisible mobs in UC courtyard, aggros if AoE'd",".pin Tirisfal Glades,58.8,68.1;.pin Tirisfal Glades,59.2,71.7;.pin Tirisfal Glades,64.0,71.7;.pin Tirisfal Glades,64.5,67.5;.mob Unseen",,,,,,,,,,,,,,,,